1,2,1,1,3,1,2,2,1,3,2,1,1
2,3,5,6,5,2,1,1,1,2,1,2,2
3,5,5,1,-1,1,1,3,2,2,5,2,2
4,3,2,2,-1,1,1,1,1,3,2,2,2
5,4,4,1,-1,1,2,3,2,1,5,2,2
6,4,1,7,2,1,1,2,2,3,2,1,1
7,3,4,7,4,2,1,1,1,2,1,2,2
8,5,5,3,-1,1,3,3,2,2,5,2,2
9,4,4,2,2,1,3,3,2,2,5,1,1
10,1,3,2,3,1,1,2,1,3,2,1,1
11,5,4,4,-1,1,3,2,1,1,2,2,2
12,3,1,2,-1,3,1,2,1,1,2,2,2
13,2,2,1,1,1,3,3,2,1,5,1,1
14,3,2,3,4,2,1,1,1,2,1,2,2
15,3,5,2,-1,1,1,2,1,2,2,2,2
16,5,3,1,3,1,2,2,1,3,2,1,1
17,2,2,3,3,1,3,2,2,2,5,1,1
18,2,2,1,-1,2,3,3,2,2,5,2,2
19,4,4,2,3,2,3,3,2,2,5,1,1
20,5,4,2,-1,1,3,1,2,3,1,2,2
21,2,2,3,-1,1,3,3,2,2,5,2,2
22,3,2,1,3,1,1,2,1,2,2,1,1
23,1,1,2,3,2,1,3,2,1,5,1,1
24,5,5,3,5,1,3,3,1,1,2,2,2
25,3,3,4,1,3,1,3,2,2,5,1,1
26,5,5,7,1,1,2,3,2,1,5,1,1
27,1,1,4,-1,3,1,3,2,2,5,2,2
28,4,2,2,1,1,3,1,2,1,2,1,1
29,2,2,1,3,1,3,3,2,2,5,1,1
30,1,1,5,-1,3,1,3,2,2,2,2,2
31,3,5,7,-1,2,1,2,1,3,2,2,2
32,1,2,4,-1,2,1,2,1,3,1,2,2
33,2,2,5,2,1,3,3,2,2,5,1,1
34,4,4,4,2,1,3,3,1,2,5,1,1
35,1,4,4,1,1,2,2,1,3,2,1,1
36,4,4,3,-1,1,3,3,2,2,5,2,2
37,4,4,1,-1,1,3,2,2,2,5,2,2
38,4,1,3,-1,1,2,2,1,3,2,2,2
39,3,2,5,1,3,1,2,2,3,2,1,1
40,1,4,6,-1,1,1,1,1,1,2,2,2
41,1,4,4,-1,2,1,2,1,3,2,2,2
42,2,2,4,-1,1,3,3,2,2,5,2,2
43,4,2,1,-1,1,2,2,1,1,2,2,2
44,3,1,7,-1,3,1,2,1,1,2,2,2
45,4,4,1,-1,1,3,3,2,2,5,2,2
46,1,1,5,2,3,1,3,2,2,5,1,1
47,5,5,6,-1,1,3,3,2,2,5,2,2
48,2,2,2,4,3,3,2,1,1,2,2,2
49,3,5,5,3,2,1,2,1,3,2,1,1
50,3,4,1,6,2,1,1,1,2,1,2,2
51,5,4,3,2,1,3,2,1,1,1,1,1
52,1,1,6,1,3,1,3,2,2,5,1,1
53,2,2,3,3,3,3,3,2,2,5,1,1
54,2,2,1,4,3,3,2,1,1,2,2,2
55,4,4,2,-1,1,1,3,2,2,5,2,2
56,5,3,2,2,1,2,3,1,3,2,1,1
57,3,5,7,-1,3,1,2,1,3,2,2,2
58,1,5,6,3,2,3,2,1,3,2,1,1
59,3,2,6,1,2,1,2,1,3,2,1,1
60,4,2,3,1,1,3,1,1,1,2,1,1
61,2,2,7,5,1,3,2,1,1,2,2,2
62,5,1,2,-1,1,2,2,1,3,5,2,2
63,1,3,4,2,2,3,2,1,1,2,1,1
64,2,2,6,1,1,3,3,2,1,5,1,1
65,2,2,1,1,2,3,3,2,2,5,1,1
66,5,5,2,3,1,3,3,2,1,5,1,1
67,1,4,5,3,2,1,2,1,3,2,1,1
68,5,3,2,1,1,2,2,1,3,2,1,1
69,3,3,7,3,3,1,3,2,2,5,1,1
70,5,3,4,2,1,2,2,1,3,2,1,1
71,4,4,7,1,1,3,1,2,2,5,1,1
72,5,2,2,5,1,3,1,1,3,1,2,2
73,3,2,2,-1,2,1,2,1,3,2,2,2
74,3,2,4,-1,2,1,2,1,3,2,2,2
75,4,4,1,-1,1,3,3,2,3,5,2,2
76,5,5,3,-1,1,3,3,2,2,5,2,2
77,1,1,6,-1,2,3,3,2,2,5,2,2
78,3,2,7,1,2,2,2,1,3,2,1,1
79,3,3,4,-1,2,3,3,1,2,5,2,2
80,3,1,5,5,3,1,1,1,1,1,2,2
81,2,2,1,1,1,3,3,2,2,5,1,1
82,1,4,7,1,1,1,2,1,3,2,1,1
83,4,4,7,-1,1,2,3,2,1,5,2,2
84,5,5,1,2,1,3,3,2,2,5,1,1
85,2,2,3,1,1,3,3,1,2,5,1,1
86,5,2,3,1,1,3,2,2,1,2,1,1
87,3,3,5,-1,3,1,3,1,2,1,2,2
88,2,2,5,3,2,3,3,2,2,5,1,1
89,1,3,6,-1,3,1,3,2,1,1,2,2
90,2,2,1,1,1,3,3,2,2,5,1,1
91,2,4,2,-1,1,3,2,1,2,2,2,2
92,1,1,1,3,2,1,3,2,1,5,1,1
93,5,5,3,4,1,3,2,1,1,2,2,2
94,2,2,2,4,1,2,2,1,3,2,2,2
95,3,4,7,-1,2,1,1,1,3,2,2,2
96,2,2,1,-1,1,3,3,2,2,5,2,2
97,4,4,6,1,1,2,3,2,1,5,1,1
98,5,5,6,-1,1,3,2,2,2,5,2,2
99,3,4,7,2,2,1,2,1,3,1,1,1
100,2,2,2,1,1,3,3,2,2,5,1,1
101,1,2,5,2,2,1,2,1,2,2,1,1
102,1,1,4,-1,3,1,3,2,2,5,2,2
103,4,4,1,3,1,2,3,2,2,5,1,1
104,3,5,1,1,1,1,2,1,2,2,1,1
105,3,3,7,1,3,1,3,2,2,5,1,1
106,1,3,3,5,2,3,1,1,2,1,2,2
107,5,5,3,3,1,3,3,1,3,5,1,1
108,1,1,4,1,2,1,3,1,2,5,1,1
109,2,2,1,4,1,3,2,1,1,2,2,2
110,4,4,7,2,1,2,1,2,1,5,1,1
111,3,3,2,1,2,1,3,2,1,5,1,1
112,5,3,1,-1,1,3,3,1,3,2,2,2
113,5,5,3,2,3,3,3,2,2,5,1,1
114,3,1,5,4,3,1,1,1,3,2,2,2
115,2,2,1,-1,1,3,3,2,2,5,2,2
116,4,4,1,3,1,3,3,2,2,5,1,1
117,3,2,5,1,2,1,2,1,3,2,1,1
118,1,4,6,4,2,3,1,1,2,1,2,2
119,5,5,2,-1,1,3,2,2,2,5,2,2
120,1,4,2,1,1,1,2,1,3,2,1,1
121,5,5,2,-1,1,3,3,2,2,1,2,2
122,5,5,3,4,1,3,2,1,1,2,2,2
123,2,2,1,6,1,3,1,1,1,2,2,2
124,3,3,7,-1,3,1,3,2,2,5,2,2
125,3,1,5,-1,3,1,2,1,1,2,2,2
126,3,5,6,4,2,1,1,1,3,1,2,2
127,4,1,1,3,1,2,2,1,3,2,1,1
128,4,4,5,2,1,3,3,2,2,5,1,1
129,4,4,4,-1,1,3,3,2,2,5,2,2
130,4,4,3,6,1,3,1,1,1,2,2,2
131,1,2,5,2,2,1,2,1,3,2,1,1
132,1,1,7,1,3,1,3,1,2,5,1,1
133,3,5,2,2,1,1,3,1,2,2,1,1
134,4,2,3,1,1,3,2,1,1,2,1,1
135,2,2,3,4,1,3,2,2,3,2,2,2
136,5,1,2,1,1,2,2,1,2,2,1,1
137,5,5,2,6,1,3,2,2,1,2,2,2
138,1,2,5,5,2,1,1,1,1,1,2,2
139,4,2,1,1,1,3,2,1,1,2,1,1
140,4,4,2,2,1,3,3,2,1,5,1,1
141,2,5,2,-1,1,3,2,1,1,2,2,2
142,1,2,5,-1,2,1,2,1,3,2,2,2
143,2,5,6,4,2,3,3,1,3,1,2,2
144,1,1,7,4,1,1,2,1,1,2,2,2
145,5,2,2,2,1,3,2,1,1,2,1,1
146,5,5,7,2,1,3,3,2,2,2,1,1
147,2,2,1,1,1,3,3,2,2,5,1,1
148,3,4,2,2,1,1,2,1,3,2,1,1
149,5,5,1,-1,1,3,3,2,2,5,2,2
150,2,2,5,2,1,1,3,2,2,5,1,1
151,3,5,5,2,2,1,1,1,3,2,1,1
152,5,5,1,4,1,3,2,1,1,1,2,2
153,2,5,4,-1,3,3,2,1,2,2,2,2
154,4,3,1,4,1,2,1,1,2,1,2,2
155,2,2,1,6,1,3,2,2,1,2,2,2
156,5,5,1,4,1,1,2,1,1,2,2,2
157,3,3,5,-1,3,1,3,2,3,5,2,2
158,2,2,3,1,1,3,3,2,2,5,1,1
159,1,3,7,2,3,1,2,1,1,2,1,1
160,3,2,4,4,1,3,1,1,2,1,2,2
161,5,4,2,1,1,3,2,1,1,5,1,1
162,3,2,7,1,2,1,2,1,3,2,1,1
163,4,4,4,-1,1,3,3,2,2,5,2,2
164,5,5,3,1,1,3,3,2,1,5,1,1
165,5,2,2,6,1,3,1,1,3,1,2,2
166,4,4,3,3,1,2,3,2,2,5,1,1
167,1,1,4,5,3,1,3,1,1,2,2,2
168,1,1,1,-1,3,1,3,2,1,5,2,2
169,1,2,6,1,1,1,2,1,3,1,1,1
170,2,2,3,3,1,3,3,2,1,5,1,1
171,3,1,5,-1,2,1,2,1,1,5,2,2
172,3,1,6,-1,2,1,3,1,1,2,2,2
173,3,2,2,-1,1,1,2,1,2,2,2,2
174,4,4,3,4,1,1,2,1,1,2,2,2
175,1,3,6,-1,3,1,2,1,1,2,2,2
176,2,2,2,1,1,3,3,2,2,5,1,1
177,2,2,3,5,1,3,2,1,1,2,2,2
178,4,4,7,-1,1,2,3,2,3,2,2,2
179,2,2,1,-1,2,2,1,2,1,5,2,2
180,4,2,6,-1,1,3,2,1,1,5,2,2
181,5,5,2,-1,1,3,2,2,2,5,2,2
182,2,2,2,-1,1,3,3,2,2,5,2,2
183,1,1,3,4,2,1,1,1,3,2,2,2
184,2,4,5,-1,1,1,2,1,3,2,2,2
185,2,2,2,-1,1,3,2,2,2,5,2,2
186,4,1,3,-1,1,2,2,1,3,2,2,2
187,4,4,3,2,1,3,3,2,2,5,1,1
188,3,2,7,-1,2,1,2,1,1,2,2,2
189,3,3,2,-1,1,1,3,2,1,5,2,2
190,3,1,6,2,2,1,1,1,3,2,1,1
191,5,4,2,-1,1,3,2,1,1,2,2,2
192,4,2,3,1,1,3,2,1,3,2,1,1
193,3,1,7,3,3,1,1,1,1,2,1,1
194,1,1,5,3,3,3,3,2,2,1,1,1
195,3,3,1,6,2,1,2,1,3,2,2,2
196,3,4,5,2,2,1,2,1,3,2,1,1
197,2,2,2,2,1,3,3,2,1,5,1,1
198,5,5,4,5,1,1,3,1,1,2,2,2
199,4,4,2,2,1,3,3,2,2,5,1,1
200,2,2,1,-1,1,3,3,2,3,5,2,2
201,3,1,2,-1,2,1,2,1,3,2,2,2
202,5,5,4,2,1,3,3,2,1,5,1,1
203,5,5,3,4,3,3,2,1,2,2,2,2
204,2,2,4,1,2,1,3,2,2,5,1,1
205,4,4,2,2,1,3,3,2,2,5,1,1
206,3,4,2,4,3,1,1,1,1,1,2,2
207,1,5,1,-1,1,1,2,1,2,2,2,2
208,3,5,2,-1,1,1,2,1,2,2,2,2
209,1,1,1,2,2,1,3,2,1,5,1,1
210,3,4,4,-1,2,1,2,1,3,2,2,2
211,2,2,2,4,3,3,1,1,1,2,2,2
212,3,5,4,2,2,1,2,1,1,2,1,1
213,4,4,1,5,1,3,2,1,1,1,2,2
214,5,5,3,-1,1,3,3,2,1,1,2,2
215,4,4,7,2,1,3,3,1,1,5,1,1
216,5,5,4,4,1,3,2,1,1,2,2,2
217,3,2,3,-1,1,1,2,1,2,2,2,2
218,3,2,4,2,2,1,2,1,1,2,1,1
219,1,5,4,6,3,3,1,1,3,1,2,2
220,3,5,4,-1,2,1,1,1,3,2,2,2
221,4,4,1,-1,1,3,3,2,2,5,2,2
222,3,5,4,5,2,1,3,2,2,1,2,2
223,4,4,4,3,1,2,3,2,2,5,1,1
224,2,2,3,1,1,3,3,2,3,2,1,1
225,5,5,3,-1,1,3,3,2,2,5,2,2
226,3,3,5,6,2,1,2,1,3,2,2,2
227,4,4,1,3,1,3,3,2,2,5,1,1
228,4,4,1,4,1,2,2,1,1,2,2,2
229,5,1,3,-1,1,2,2,1,1,2,2,2
230,1,3,1,-1,3,1,2,1,1,2,2,2
231,1,2,3,-1,1,1,2,1,2,2,2,2
232,4,4,6,-1,1,3,1,2,2,5,2,2
233,1,5,3,-1,1,1,2,1,2,1,2,2
234,4,4,1,1,1,3,3,2,2,5,1,1
235,5,1,1,6,1,2,1,1,2,1,2,2
236,5,5,2,1,1,3,3,2,3,5,1,1
237,2,2,5,1,1,3,3,2,2,5,1,1
238,1,3,7,2,3,1,2,1,2,2,1,1
239,5,5,1,-1,1,3,3,2,2,5,2,2
240,3,4,2,-1,1,1,2,1,2,2,2,2
241,3,4,4,-1,2,1,2,2,2,1,2,2
242,4,4,3,4,1,3,2,1,1,2,2,2
243,4,4,1,-1,1,3,3,2,2,5,2,2
244,1,4,6,1,2,1,2,2,3,2,1,1
245,4,5,2,3,1,3,2,2,1,2,1,1
246,2,2,3,1,3,3,3,1,1,5,1,1
247,1,1,6,-1,3,1,3,2,2,5,2,2
248,5,5,2,2,1,1,2,2,2,5,1,1
249,3,4,1,-1,2,1,2,1,3,5,2,2
250,4,4,1,6,1,3,2,1,1,2,2,2
251,4,2,3,1,1,1,2,1,1,2,1,1
252,2,2,7,2,1,3,3,2,1,5,1,1
253,5,5,2,4,1,3,2,1,1,1,2,2
254,4,4,1,1,1,3,3,2,2,5,1,1
255,5,5,1,-1,3,3,3,1,2,5,2,2
256,1,4,7,1,2,1,2,1,3,1,1,1
257,3,5,2,3,1,1,2,1,2,2,1,1
258,2,2,2,3,1,3,3,2,2,5,1,1
259,2,2,1,1,1,3,3,2,2,5,1,1
260,2,2,2,-1,1,3,3,2,2,5,2,2
261,2,2,3,-1,1,3,3,2,2,2,2,2
262,1,3,6,3,2,3,2,1,3,2,1,1
263,5,5,4,6,1,2,2,1,3,2,2,2
264,3,3,4,2,3,2,3,2,2,5,1,1
265,4,4,1,-1,1,3,3,2,2,5,2,2
266,3,3,2,6,3,1,2,1,1,2,2,2
267,1,5,7,5,2,2,1,1,1,1,2,2
268,1,1,6,4,3,1,2,1,1,2,2,2
269,2,3,1,1,1,2,2,1,3,2,1,1
270,5,2,2,-1,1,3,2,1,1,5,2,2
271,4,2,2,5,1,3,1,1,3,5,2,2
272,2,2,3,1,1,2,3,2,2,5,1,1
273,4,4,2,1,3,1,3,2,2,5,1,1
274,2,2,2,-1,2,2,3,2,2,1,2,2
275,1,2,5,-1,2,1,2,1,3,2,2,2
276,1,3,7,-1,3,1,2,2,1,2,2,2
277,5,5,3,2,2,3,3,2,2,5,1,1
278,3,2,5,1,2,1,2,2,3,2,1,1
279,2,2,1,2,3,3,3,2,2,5,1,1
280,1,1,4,3,3,1,3,2,2,2,1,1
281,1,2,6,2,2,2,2,1,3,2,1,1
282,5,5,3,-1,1,3,3,2,2,5,2,2
283,4,4,2,1,1,3,3,2,2,5,1,1
284,3,2,6,2,2,1,2,1,1,5,1,1
285,1,2,4,3,2,1,2,2,3,2,1,1
286,4,4,2,-1,1,2,3,2,2,2,2,2
287,2,2,2,1,1,3,2,1,2,5,1,1
288,2,2,3,5,1,1,2,1,1,2,2,2
289,3,3,1,5,3,1,2,1,1,2,2,2
290,2,2,1,-1,1,3,3,2,2,5,2,2
291,1,1,3,5,2,1,2,1,3,2,2,2
292,1,2,6,2,2,1,1,1,3,2,1,1
293,3,2,6,2,1,1,2,1,3,2,1,1
294,3,3,6,-1,2,1,3,2,1,5,2,2
295,1,1,5,2,3,1,3,2,2,5,1,1
296,2,2,3,-1,3,1,3,2,2,5,2,2
297,4,3,2,4,3,2,3,1,2,1,2,2
298,2,2,7,4,1,1,1,1,3,2,2,2
299,1,4,6,4,1,1,1,1,2,1,2,2
300,1,1,7,1,3,2,3,2,2,5,1,1
301,4,4,2,1,1,3,3,2,2,5,1,1
302,3,1,2,2,3,1,2,1,3,2,1,1
303,4,4,3,1,1,2,1,2,2,5,1,1
304,1,2,3,2,1,1,2,1,2,2,1,1
305,4,4,2,1,1,2,1,2,2,5,1,1
306,1,3,6,-1,3,1,2,1,1,2,2,2
307,2,2,1,-1,1,3,2,2,2,5,2,2
308,4,2,1,4,1,3,1,1,3,1,2,2
309,2,2,2,2,1,3,3,2,2,1,1,1
310,5,2,3,1,3,3,2,1,1,2,1,1
311,5,4,6,4,1,1,3,1,3,1,2,2
312,1,2,7,-1,1,2,2,1,3,2,2,2
313,1,2,6,3,2,1,2,1,1,2,1,1
314,3,5,1,4,1,3,1,1,1,1,2,2
315,5,5,1,2,2,3,3,2,2,5,1,1
316,5,5,3,-1,1,3,3,2,1,5,2,2
317,3,5,6,1,2,1,2,1,3,2,1,1
318,2,2,2,4,1,3,2,1,2,2,2,2
319,3,2,2,1,1,1,2,1,3,2,1,1
320,4,4,7,2,1,2,3,2,1,5,1,1
321,5,5,1,-1,1,3,3,2,2,5,2,2
322,2,2,2,-1,3,1,3,2,2,5,2,2
323,2,2,5,3,1,2,3,2,1,5,1,1
324,3,3,3,-1,2,1,3,2,2,5,2,2
325,4,4,3,2,1,1,3,1,1,5,1,1
326,5,5,1,1,1,1,3,2,2,5,1,1
327,4,4,6,3,1,3,3,2,2,5,1,1
328,5,2,3,-1,1,3,2,1,1,2,2,2
329,5,1,3,-1,1,2,2,1,1,2,2,2
330,2,2,1,4,1,3,1,1,1,2,2,2
331,4,4,1,-1,2,3,2,2,2,5,2,2
332,1,4,1,-1,1,1,2,1,3,2,2,2
333,4,2,2,1,1,3,2,2,1,2,1,1
334,3,4,6,-1,2,1,2,1,3,2,2,2
335,5,5,5,4,1,2,2,2,3,5,2,2
336,4,4,2,-1,1,3,3,1,2,5,2,2
337,1,3,7,4,3,1,1,2,3,1,2,2
338,5,5,1,3,1,1,3,2,2,5,1,1
339,5,5,4,1,1,3,3,2,2,5,1,1
340,1,1,3,2,3,1,1,2,1,5,1,1
341,3,5,2,4,1,1,1,1,1,5,2,2
342,5,3,7,3,1,1,2,2,3,2,1,1
343,5,5,3,1,1,3,3,2,2,5,1,1
344,4,2,7,-1,3,3,2,1,1,5,2,2
345,3,3,7,-1,3,1,3,2,2,5,2,2
346,5,5,2,3,1,3,3,2,2,5,1,1
347,5,5,3,2,1,3,2,2,2,5,1,1
348,3,4,6,-1,2,1,2,1,3,2,2,2
349,4,2,1,-1,3,3,2,1,1,2,2,2
350,3,1,2,3,2,1,2,1,3,2,1,1
351,5,3,2,6,1,2,1,1,2,1,2,2
352,3,5,5,-1,2,1,1,1,3,2,2,2
353,4,4,2,6,2,3,2,1,1,2,2,2
354,5,5,1,2,3,3,3,2,2,5,1,1
355,3,5,7,2,2,1,2,2,3,2,1,1
356,3,3,7,-1,3,1,3,2,2,5,2,2
357,3,2,4,-1,2,1,2,1,3,2,2,2
358,5,5,1,4,1,2,2,1,1,2,2,2
359,3,4,3,1,1,1,2,1,2,2,1,1
360,4,4,6,4,1,2,2,1,3,2,2,2
361,4,1,3,1,1,2,3,1,3,2,1,1
362,2,2,1,2,2,2,2,1,3,2,1,1
363,3,3,7,-1,2,1,3,2,1,5,2,2
364,3,1,4,-1,3,1,2,1,1,2,2,2
365,5,4,4,-1,1,3,2,1,3,2,2,2
366,4,3,3,5,1,2,1,1,2,5,2,2
367,2,2,2,-1,1,3,3,2,2,5,2,2
368,1,1,4,-1,3,3,3,2,2,5,2,2
369,1,1,4,-1,3,1,3,2,2,5,2,2
370,5,2,1,-1,1,2,3,1,1,2,2,2
371,4,4,3,2,1,3,3,2,2,5,1,1
372,2,2,2,2,1,3,3,2,2,5,1,1
373,3,1,7,-1,3,3,2,2,1,2,2,2
374,4,4,2,1,1,3,1,2,2,5,1,1
375,3,4,3,-1,1,1,2,1,2,2,2,2
376,2,2,1,1,1,3,3,2,2,5,1,1
377,2,2,6,6,1,2,2,1,3,2,2,2
378,4,4,2,3,1,2,3,2,2,5,1,1
379,4,4,1,1,1,3,2,1,3,5,1,1
380,4,4,7,-1,1,2,3,2,1,5,2,2
381,2,2,7,-1,1,2,3,2,3,5,2,2
382,2,2,2,2,1,3,3,2,2,5,1,1
383,5,3,2,2,1,2,2,1,3,2,1,1
384,5,5,3,5,1,1,2,1,1,2,2,2
385,3,4,4,1,2,2,2,1,3,2,1,1
386,5,2,1,-1,1,3,2,1,1,2,2,2
387,2,2,3,-1,1,3,3,1,2,2,2,2
388,2,3,1,1,1,2,2,1,3,2,1,1
389,3,3,7,-1,2,1,3,2,2,5,2,2
390,3,1,6,1,3,1,2,2,1,1,1,1
391,1,3,6,2,3,3,2,1,1,2,1,1
392,5,5,3,-1,1,3,3,2,2,5,2,2
393,2,2,7,-1,1,3,3,1,1,5,2,2
394,4,5,2,3,1,3,2,1,1,2,1,1
395,2,2,1,1,1,1,3,2,3,5,1,1
396,3,5,4,-1,2,1,2,1,3,2,2,2
397,2,2,2,-1,1,1,3,2,2,5,2,2
398,1,1,6,-1,3,2,3,1,2,1,2,2
399,4,4,2,-1,1,3,3,1,2,5,2,2
400,3,5,3,3,1,1,2,1,1,2,1,1
401,4,4,6,5,1,2,2,2,1,2,2,2
402,5,5,5,2,1,3,3,2,2,5,1,1
403,5,5,3,1,1,3,3,2,2,5,1,1
404,4,4,3,5,1,3,2,1,1,2,2,2
405,1,1,5,1,3,1,3,2,2,5,1,1
406,1,4,3,2,2,3,2,2,1,2,1,1
407,2,2,2,5,2,3,3,1,1,2,2,2
408,4,4,6,-1,1,2,2,2,1,5,2,2
409,5,2,3,-1,3,3,2,1,1,2,2,2
410,1,1,7,-1,3,3,3,2,1,5,2,2
411,4,4,2,3,1,3,3,2,2,5,1,1
412,5,4,3,1,1,3,2,1,1,2,1,1
413,2,2,2,3,1,3,3,2,2,5,1,1
414,3,5,6,1,2,1,2,1,3,2,1,1
415,5,5,3,5,1,1,3,1,1,2,2,2
416,1,1,3,2,2,1,3,2,1,5,1,1
417,1,5,2,3,1,1,2,1,1,2,1,1
418,2,2,7,1,1,3,3,2,2,2,1,1
419,4,5,1,2,1,3,2,1,1,2,1,1
420,4,4,3,3,1,3,3,2,2,5,1,1
421,3,2,5,4,2,1,1,1,2,1,2,2
422,5,5,3,6,1,3,2,1,1,2,2,2
423,4,4,5,3,1,2,1,2,1,5,1,1
424,5,5,1,2,1,3,3,2,2,5,1,1
425,1,5,7,2,2,1,3,1,3,2,1,1
426,2,2,2,3,2,1,3,2,2,5,1,1
427,1,1,6,1,3,1,3,2,2,5,1,1
428,5,3,2,2,1,2,2,1,3,2,1,1
429,2,2,2,3,1,3,2,2,2,5,1,1
430,4,4,1,3,1,3,3,2,2,5,1,1
431,4,4,2,2,1,3,3,2,2,5,1,1
432,3,3,2,3,2,1,3,2,1,1,1,1
433,1,4,7,-1,2,1,1,1,3,2,2,2
434,2,4,2,-1,1,3,2,1,1,2,2,2
435,3,3,5,-1,2,1,3,1,2,5,2,2
436,3,3,2,2,2,1,3,2,1,5,1,1
437,2,2,2,1,1,3,3,2,2,5,1,1
438,3,1,6,-1,2,1,2,1,1,2,2,2
439,5,1,2,-1,1,1,2,1,3,2,2,2
440,4,5,1,4,1,3,1,1,3,1,2,2
441,2,3,2,1,1,2,2,1,3,2,1,1
442,4,1,1,2,1,3,3,1,3,2,1,1
443,1,4,5,-1,2,1,2,1,3,2,2,2
444,2,2,1,1,1,3,2,2,2,5,1,1
445,3,3,7,-1,3,1,3,1,2,5,2,2
446,4,4,2,2,1,2,3,2,1,5,1,1
447,2,2,6,-1,1,3,3,2,2,5,2,2
448,1,2,6,4,1,1,2,1,1,1,2,2
449,2,2,6,-1,1,2,3,2,1,5,2,2
450,2,2,2,3,1,3,3,2,2,5,1,1
451,4,2,2,-1,1,3,2,1,2,2,2,2
452,4,1,1,3,1,2,3,2,3,1,1,1
453,2,2,3,4,3,3,2,1,1,2,2,2
454,4,2,2,3,2,2,2,1,3,2,1,1
455,1,1,6,-1,2,1,2,1,2,5,2,2
456,4,4,6,2,3,2,3,2,1,5,1,1
457,3,2,7,1,2,1,2,1,1,2,1,1
458,2,1,1,6,1,2,1,1,2,1,2,2
459,3,4,6,2,2,1,1,1,3,2,1,1
460,3,5,3,3,2,3,2,1,3,2,1,1
461,4,1,1,1,1,2,2,2,3,2,1,1
462,2,2,1,4,1,3,2,1,3,2,2,2
463,3,4,5,3,1,1,2,1,2,2,1,1
464,2,2,2,1,1,3,2,1,2,5,1,1
465,2,2,2,3,1,3,3,2,2,5,1,1
466,5,5,7,3,1,2,3,2,1,5,1,1
467,2,2,1,-1,1,3,3,2,3,5,2,2
468,5,3,3,1,1,2,2,2,3,2,1,1
469,2,2,3,3,1,3,3,2,2,5,1,1
470,4,2,2,2,1,3,2,1,1,2,1,1
471,3,1,1,-1,2,1,2,1,3,1,2,2
472,3,5,5,-1,2,1,2,1,3,2,2,2
473,5,2,1,4,1,1,1,1,3,2,2,2
474,2,2,1,-1,1,1,3,2,3,5,2,2
475,2,2,2,3,1,3,3,2,3,5,1,1
476,4,4,1,6,1,3,2,1,1,2,2,2
477,3,2,7,-1,2,1,2,1,3,2,2,2
478,5,2,1,-1,1,3,2,1,1,2,2,2
479,3,4,7,-1,1,1,2,1,3,2,2,2
480,5,5,1,3,1,3,3,1,2,5,1,1
481,1,1,7,3,3,1,3,2,2,5,1,1
482,3,2,4,3,2,1,2,1,3,2,1,1
483,1,2,2,3,1,1,2,1,2,2,1,1
484,5,2,3,2,3,3,2,1,1,2,1,1
485,3,4,2,-1,1,2,1,2,2,2,2,2
486,5,2,5,-1,1,3,2,1,3,2,2,2
487,3,5,5,-1,2,1,2,1,2,2,2,2
488,4,5,3,1,1,3,2,1,1,2,1,1
489,3,4,2,3,1,1,2,1,2,2,1,1
490,1,3,6,-1,3,1,2,1,1,2,2,2
491,1,4,4,5,2,1,3,1,2,1,2,2
492,5,5,3,1,2,1,3,2,2,5,1,1
493,3,5,7,1,3,1,2,1,3,2,1,1
494,4,4,1,-1,1,3,3,2,2,5,2,2
495,3,3,2,5,3,1,2,1,1,2,2,2
496,2,2,4,-1,1,3,2,2,2,5,2,2
497,5,5,2,3,1,3,3,2,2,5,1,1
498,5,3,3,2,1,2,2,1,1,2,1,1
499,1,4,5,-1,2,1,2,2,3,2,2,2
500,5,4,7,2,1,3,2,1,1,2,1,1
501,2,2,2,2,1,3,1,2,2,5,1,1
502,1,5,2,-1,1,2,3,1,2,2,2,2
503,4,2,2,5,1,3,3,1,3,1,2,2
504,2,2,3,2,1,3,3,2,1,5,1,1
505,1,1,2,-1,2,1,3,2,1,5,2,2
506,1,5,6,-1,2,1,2,1,3,2,2,2
507,2,2,2,-1,1,3,3,2,1,5,2,2
508,3,5,7,3,2,1,2,1,1,2,1,1
509,1,1,4,2,3,1,3,2,2,2,1,1
510,1,1,3,-1,3,1,3,2,2,5,2,2
511,1,2,6,1,3,1,1,1,3,5,1,1
512,2,2,3,4,1,2,2,1,1,1,2,2
513,3,4,5,-1,2,1,2,1,3,2,2,2
514,1,1,1,3,2,1,3,2,2,5,1,1
515,1,4,3,1,1,2,2,1,2,2,1,1
516,3,3,1,2,2,1,3,2,1,5,1,1
517,4,4,7,2,1,3,3,2,2,2,1,1
518,1,1,6,-1,1,1,3,2,2,5,2,2
519,2,2,2,4,3,3,2,1,1,2,2,2
520,5,5,3,-1,1,3,3,2,2,5,2,2
521,3,3,5,-1,3,1,3,1,2,2,2,2
522,5,2,3,1,3,3,2,1,1,2,1,1
523,2,2,2,1,1,3,3,2,2,5,1,1
524,1,1,3,-1,2,3,3,2,1,2,2,2
525,1,1,2,1,2,1,3,2,1,5,1,1
526,2,2,3,1,1,3,3,2,2,5,1,1
527,3,3,5,2,2,1,3,2,2,5,1,1
528,5,1,2,-1,1,1,2,1,1,2,2,2
529,2,2,1,1,1,3,3,2,2,2,1,1
530,4,4,2,3,1,2,3,2,2,5,1,1
531,1,2,6,5,1,1,1,1,3,5,2,2
532,2,2,1,3,2,3,3,2,2,5,1,1
533,4,4,3,5,1,1,2,1,1,2,2,2
534,5,3,4,-1,1,2,2,1,3,5,2,2
535,1,1,6,2,3,1,3,2,2,5,1,1
536,4,4,2,1,2,3,3,2,2,5,1,1
537,5,5,2,5,1,3,2,1,1,2,2,2
538,5,4,7,2,1,3,2,1,1,2,1,1
539,1,2,5,1,2,1,2,1,3,2,1,1
540,3,5,5,6,3,1,1,1,2,2,2,2
541,5,3,1,1,1,2,2,1,3,2,1,1
542,1,1,7,2,3,1,3,2,3,5,1,1
543,2,2,3,-1,1,3,3,1,2,5,2,2
544,1,1,5,1,3,1,3,1,2,5,1,1
545,1,1,6,5,3,1,2,1,1,2,2,2
546,3,4,2,-1,1,2,2,1,2,2,2,2
547,5,5,4,1,2,3,3,2,2,5,1,1
548,5,5,3,2,3,2,3,2,3,5,1,1
549,2,2,1,1,1,3,3,2,3,5,1,1
550,1,5,5,2,2,1,2,1,3,2,1,1
551,4,4,2,-1,1,2,3,2,2,5,2,2
552,4,4,1,1,1,1,3,1,2,5,1,1
553,3,2,6,4,1,1,1,1,2,1,2,2
554,2,4,2,1,1,3,2,1,1,2,1,1
555,3,3,3,5,2,3,2,2,2,2,2,2
556,4,5,3,2,1,3,3,1,1,2,1,1
557,4,3,4,3,1,2,2,1,3,2,1,1
558,1,5,6,-1,2,1,2,1,3,1,2,2
559,5,4,1,-1,1,3,2,1,1,2,2,2
560,5,5,3,1,1,3,3,2,2,5,1,1
561,1,5,7,4,2,3,1,1,2,1,2,2
562,4,4,2,-1,1,3,3,2,2,1,2,2
563,1,4,1,-1,1,1,2,1,2,2,2,2
564,3,3,4,1,3,1,3,2,2,5,1,1
565,4,4,7,-1,1,1,3,2,2,5,2,2
566,5,5,3,2,1,3,3,2,3,5,1,1
567,2,2,1,2,1,3,3,2,2,5,1,1
568,1,3,6,-1,3,1,2,2,1,2,2,2
569,4,4,3,1,1,3,3,1,2,5,1,1
570,2,2,2,-1,1,3,3,2,2,5,2,2
571,4,4,3,6,1,3,2,1,1,2,2,2
572,2,2,2,4,2,3,2,1,3,1,2,2
573,3,4,4,1,2,1,2,1,3,2,1,1
574,3,2,7,-1,2,1,2,1,3,2,2,2
575,5,3,7,-1,1,1,2,1,2,2,2,2
576,1,3,4,1,3,1,2,1,1,2,1,1
577,1,4,3,6,1,2,3,1,1,1,2,2
578,1,1,2,1,2,1,3,2,1,5,1,1
579,4,4,1,-1,1,3,3,1,2,5,2,2
580,4,4,1,2,1,3,3,1,2,5,1,1
581,5,5,2,-1,3,2,3,2,1,5,2,2
582,4,4,1,2,1,3,3,2,2,2,1,1
583,5,5,1,2,1,1,3,2,2,5,1,1
584,4,4,2,3,1,3,3,2,2,5,1,1
585,4,4,1,4,1,3,2,1,1,2,2,2
586,3,2,5,-1,2,1,3,1,1,5,2,2
587,5,3,2,-1,1,2,2,1,2,1,2,2
588,5,5,3,-1,1,3,3,2,2,5,2,2
589,3,2,5,-1,2,1,3,1,3,1,2,2
590,5,4,2,-1,1,3,1,1,1,2,2,2
591,3,2,1,2,1,1,2,2,2,2,1,1
592,2,2,3,3,1,1,3,2,2,5,1,1
593,1,1,5,5,3,1,2,1,1,2,2,2
594,3,3,2,3,1,1,3,2,1,5,1,1
595,3,2,7,4,2,1,1,1,2,5,2,2
596,2,2,2,2,1,3,3,2,2,2,1,1
597,1,5,6,2,2,1,2,1,3,2,1,1
598,4,4,2,4,1,2,2,1,1,5,2,2
599,2,2,2,-1,3,2,3,2,2,5,2,2
600,4,5,1,1,1,3,1,1,1,2,1,1
601,1,5,5,4,2,1,1,2,2,5,2,2
602,1,1,4,4,3,1,2,1,1,1,2,2
603,2,3,1,2,1,2,2,1,3,2,1,1
604,5,1,1,2,1,2,2,1,3,2,1,1
605,2,2,2,-1,3,3,3,2,2,5,2,2
606,4,1,1,-1,1,2,2,1,3,1,2,2
607,4,4,3,-1,1,3,3,2,2,5,2,2
608,2,2,3,-1,1,3,3,2,1,5,2,2
609,1,1,6,-1,2,1,3,2,1,5,2,2
610,5,5,4,4,2,3,2,1,1,2,2,2
611,5,4,4,-1,2,3,2,1,1,2,2,2
612,2,2,7,5,1,2,2,1,2,2,2,2
613,5,5,3,3,1,3,3,2,2,5,1,1
614,3,5,4,1,2,1,2,1,3,2,1,1
615,1,4,4,3,2,1,2,1,3,2,1,1
616,1,5,7,-1,2,1,2,1,3,2,2,2
617,5,5,1,2,1,3,3,2,2,5,1,1
618,2,2,1,-1,1,3,3,1,2,5,2,2
619,1,1,1,2,3,1,3,2,2,5,1,1
620,4,5,6,1,1,2,2,2,1,2,1,1
621,4,4,1,-1,1,3,3,2,2,5,2,2
622,5,4,4,2,1,3,2,1,1,2,1,1
623,5,5,2,-1,1,3,3,2,2,5,2,2
624,3,2,5,2,2,1,2,2,3,2,1,1
625,4,4,6,-1,1,2,3,1,1,5,2,2
626,5,5,1,1,1,3,3,2,2,5,1,1
627,3,1,6,1,3,1,2,1,1,5,1,1
628,5,2,2,1,1,3,2,1,1,2,1,1
629,4,1,2,1,1,2,2,1,1,2,1,1
630,1,3,5,-1,3,1,2,1,1,2,2,2
631,4,1,5,-1,1,2,2,1,2,5,2,2
632,4,1,2,4,1,2,1,1,2,1,2,2
633,5,1,1,1,1,2,3,1,3,2,1,1
634,1,4,7,1,2,1,2,2,3,2,1,1
635,1,2,2,-1,2,1,2,1,3,5,2,2
636,1,5,1,2,1,1,3,1,2,2,1,1
637,5,5,3,4,1,3,2,2,1,2,2,2
638,3,4,5,1,2,1,1,2,3,2,1,1
639,1,1,2,-1,3,1,3,2,2,5,2,2
640,4,4,5,2,1,2,3,2,1,5,1,1
641,4,4,3,-1,1,3,3,2,2,5,2,2
642,5,4,7,-1,1,3,2,1,3,2,2,2
643,1,3,3,3,2,1,2,1,3,2,1,1
644,5,5,1,1,1,3,3,2,2,5,1,1
645,2,2,5,-1,1,3,3,2,2,5,2,2
646,3,1,4,3,3,1,2,1,1,2,1,1
647,2,2,1,-1,2,3,3,2,2,5,2,2
648,2,2,4,-1,1,2,3,2,2,5,2,2
649,2,2,2,-1,1,3,3,2,1,5,2,2
650,4,4,3,-1,1,3,3,2,2,5,2,2
651,5,5,3,3,1,3,3,2,2,1,1,1
652,4,5,2,-1,1,3,2,1,1,2,2,2
653,5,5,2,3,1,1,3,2,2,2,1,1
654,3,4,6,1,2,1,1,1,3,2,1,1
655,2,2,5,1,1,3,1,2,2,5,1,1
656,1,2,5,-1,2,1,2,1,2,1,2,2
657,2,2,2,-1,1,3,2,2,2,5,2,2
658,4,2,1,-1,1,2,3,1,1,5,2,2
659,2,2,2,4,1,3,2,1,1,2,2,2
660,3,4,1,2,2,1,2,1,3,2,1,1
661,2,2,7,-1,1,2,2,2,2,1,2,2
662,5,4,3,1,1,1,2,1,1,2,1,1
663,3,3,3,1,2,1,3,2,1,2,1,1
664,1,3,4,-1,3,1,2,1,1,2,2,2
665,5,3,1,2,1,2,2,1,3,2,1,1
666,4,1,1,3,1,2,3,2,3,2,1,1
667,4,4,1,1,1,3,3,2,2,5,1,1
668,4,4,3,1,1,3,3,2,2,5,1,1
669,4,4,2,3,2,3,3,2,2,5,1,1
670,5,5,7,2,1,2,3,2,1,5,1,1
671,4,5,5,1,1,2,2,1,1,2,1,1
672,4,5,1,-1,1,3,2,1,1,1,2,2
673,4,3,2,3,1,2,2,1,3,2,1,1
674,1,4,5,-1,2,2,3,1,3,2,2,2
675,2,2,3,4,1,3,2,1,1,2,2,2
676,3,3,7,-1,3,1,3,2,2,5,2,2
677,5,2,5,6,2,2,1,2,3,2,2,2
678,2,2,3,1,1,3,3,1,2,5,1,1
679,5,1,1,-1,1,2,2,1,3,2,2,2
680,5,5,2,-1,1,3,3,2,2,5,2,2
681,5,5,1,2,1,3,3,2,2,5,1,1
682,1,1,2,-1,2,3,3,2,1,5,2,2
683,4,4,7,1,1,2,3,2,1,5,1,1
684,5,1,1,2,1,2,2,1,3,2,1,1
685,5,5,3,-1,1,3,3,2,2,5,2,2
686,5,1,1,-1,1,2,2,1,3,2,2,2
687,3,3,4,5,3,1,2,1,1,2,2,2
688,4,4,1,3,3,3,2,2,2,2,1,1
689,2,2,7,1,1,2,3,2,1,5,1,1
690,2,2,1,-1,1,3,3,2,2,5,2,2
691,1,1,3,6,3,2,2,1,1,1,2,2
692,2,2,6,1,1,2,1,2,3,5,1,1
693,4,5,3,-1,1,3,2,1,1,2,2,2
694,3,5,1,3,3,1,2,2,2,5,1,1
695,3,4,3,-1,2,1,2,2,3,2,2,2
696,1,1,4,-1,3,1,3,2,2,5,2,2
697,1,4,4,-1,3,1,2,1,3,2,2,2
698,5,3,3,6,1,2,1,1,2,1,2,2
699,3,5,6,-1,2,1,2,1,3,2,2,2
700,3,1,6,1,3,1,2,1,1,2,1,1
701,2,2,2,-1,1,3,3,2,2,5,2,2
702,2,2,2,1,1,3,3,2,2,5,1,1
703,3,3,3,2,3,1,3,2,2,5,1,1
704,4,4,1,1,1,3,3,2,2,5,1,1
705,5,5,2,-1,1,3,3,2,2,5,2,2
706,1,1,6,3,3,1,2,2,2,5,1,1
707,3,3,5,-1,3,1,3,2,2,5,2,2
708,1,5,4,1,2,1,2,1,3,2,1,1
709,4,4,2,-1,1,3,3,2,2,5,2,2
710,3,1,6,3,3,1,2,1,1,2,1,1
711,4,4,3,-1,1,2,3,2,2,5,2,2
712,4,3,5,-1,1,1,2,1,3,1,2,2
713,4,4,5,-1,1,3,3,2,1,5,2,2
714,4,4,2,6,1,3,2,1,1,2,2,2
715,5,2,3,2,2,3,2,1,3,2,1,1
716,2,2,2,1,1,2,3,2,2,5,1,1
717,1,2,1,-1,1,1,2,2,2,2,2,2
718,2,2,1,3,1,1,3,2,2,5,1,1
719,1,1,4,1,3,1,3,2,2,5,1,1
720,3,5,5,4,2,1,1,1,2,1,2,2
721,1,2,5,3,3,1,3,1,1,2,1,1
722,5,5,1,-1,1,3,3,2,2,5,2,2
723,1,5,4,4,2,1,1,1,2,1,2,2
724,2,2,6,2,3,1,2,2,2,1,1,1
725,4,4,3,2,1,1,3,2,2,5,1,1
726,3,3,2,-1,2,1,3,2,1,1,2,2
727,1,1,2,-1,2,1,1,2,1,5,2,2
728,2,2,2,2,2,3,3,2,2,5,1,1
729,2,2,2,-1,1,3,3,2,2,5,2,2
730,1,2,6,1,2,1,2,2,3,2,1,1
731,1,2,7,-1,2,1,2,1,3,2,2,2
732,1,1,3,1,1,1,3,2,1,5,1,1
733,4,4,2,2,1,3,3,2,2,5,1,1
734,5,5,2,-1,1,3,2,2,2,1,2,2
735,5,1,2,-1,2,2,2,1,3,1,2,2
736,2,2,3,-1,2,3,3,2,1,5,2,2
737,3,2,7,2,2,1,2,1,3,2,1,1
738,5,5,1,2,1,3,2,2,2,5,1,1
739,2,2,1,2,2,2,3,2,1,5,1,1
740,3,2,4,1,1,1,3,1,3,2,1,1
741,4,4,5,6,1,2,2,1,3,5,2,2
742,1,5,1,-1,1,1,3,1,2,2,2,2
743,4,4,3,-1,3,3,3,2,2,5,2,2
744,1,1,2,2,3,1,3,2,2,5,1,1
745,4,4,1,6,1,3,2,2,1,2,2,2
746,3,5,7,-1,2,3,2,1,3,2,2,2
747,5,5,3,1,1,3,2,2,1,5,1,1
748,1,3,7,-1,3,1,2,1,1,2,2,2
749,4,4,1,-1,1,3,3,2,2,5,2,2
750,3,5,2,4,1,1,1,1,1,1,2,2
751,2,2,3,2,1,3,3,2,2,5,1,1
752,4,5,3,3,1,3,2,2,1,1,1,1
753,1,1,3,-1,2,2,3,2,1,1,2,2
754,3,5,1,2,3,1,2,1,2,2,1,1
755,5,5,1,-1,1,3,3,2,2,5,2,2
756,4,4,1,1,1,3,3,2,1,5,1,1
757,5,4,2,-1,1,3,2,1,1,2,2,2
758,1,3,3,1,3,1,2,1,1,2,1,1
759,1,5,3,-1,1,1,2,1,2,2,2,2
760,1,1,7,3,3,1,3,2,2,5,1,1
761,2,2,7,2,1,2,3,2,2,5,1,1
762,3,3,3,4,3,1,2,1,3,2,2,2
763,1,4,2,-1,1,1,2,1,2,2,2,2
764,4,4,7,6,1,3,2,1,1,2,2,2
765,4,4,2,5,1,3,2,1,1,2,2,2
766,3,5,4,1,2,1,1,2,3,2,1,1
767,3,5,1,-1,1,1,2,1,2,2,2,2
768,3,3,3,6,2,1,2,1,3,2,2,2
769,2,4,2,-1,1,3,2,1,1,2,2,2
770,4,4,2,2,2,3,3,2,2,5,1,1
771,4,1,2,-1,1,2,2,1,3,2,2,2
772,3,3,6,1,3,1,3,2,2,5,1,1
773,3,2,2,-1,1,1,2,1,3,2,2,2
774,2,4,7,1,1,2,3,1,3,2,1,1
775,2,2,3,4,1,3,2,1,1,2,2,2
776,1,2,7,6,2,1,1,1,2,1,2,2
777,3,5,2,-1,1,1,3,1,2,2,2,2
778,2,2,4,-1,1,3,3,2,2,5,2,2
779,3,5,7,4,1,1,1,1,2,1,2,2
780,5,1,3,1,1,2,2,1,3,2,1,1
781,1,1,5,4,3,1,2,2,1,1,2,2
782,3,5,1,4,3,1,1,1,1,2,2,2
783,5,5,1,-1,1,3,1,2,2,5,2,2
784,3,1,6,2,3,1,2,1,1,2,1,1
785,3,4,2,1,1,1,2,1,2,2,1,1
786,2,2,5,1,1,2,3,2,3,5,1,1
787,5,5,1,2,1,1,3,2,3,5,1,1
788,4,2,3,3,1,3,2,1,1,5,1,1
789,5,5,1,4,3,3,2,1,1,5,2,2
790,4,4,3,1,1,3,3,2,2,5,1,1
791,2,2,3,1,1,3,3,2,2,5,1,1
792,4,4,2,5,1,3,2,1,1,2,2,2
793,2,2,2,5,1,2,2,1,1,2,2,2
794,1,1,1,-1,2,1,2,2,2,5,2,2
795,4,4,1,5,1,2,1,1,1,2,2,2
796,1,1,7,-1,3,1,3,2,2,5,2,2
797,4,4,1,1,1,3,3,2,2,5,1,1
798,5,2,1,-1,1,3,2,2,3,2,2,2
799,5,5,3,4,1,3,3,1,1,2,2,2
800,1,1,2,3,3,1,3,2,1,1,1,1
801,5,5,1,5,1,3,2,1,1,5,2,2
802,4,4,6,3,1,3,3,2,2,5,1,1
803,5,2,1,6,1,3,1,1,2,5,2,2
804,4,4,2,1,1,2,3,2,3,5,1,1
805,1,2,2,5,1,1,1,1,1,5,2,2
806,2,2,3,-1,1,3,3,2,2,5,2,2
807,2,2,3,-1,1,3,3,2,2,5,2,2
808,3,1,6,4,2,1,1,1,3,1,2,2
809,3,3,4,-1,2,1,3,2,2,1,2,2
810,1,1,4,3,3,1,3,2,2,2,1,1
811,5,3,1,1,1,3,2,1,2,2,1,1
812,1,5,7,-1,2,1,1,1,3,2,2,2
813,1,4,7,2,2,1,2,1,3,2,1,1
814,2,2,3,-1,1,3,3,2,2,5,2,2
815,3,3,5,1,2,1,3,2,2,1,1,1
816,3,3,7,3,3,1,3,2,2,5,1,1
817,2,2,2,1,1,3,2,2,2,5,1,1
818,2,4,1,3,1,3,2,1,1,2,1,1
819,2,2,2,-1,1,3,3,1,2,5,2,2
820,1,1,5,-1,3,1,3,2,2,5,2,2
821,3,4,7,1,3,1,2,2,3,2,1,1
822,5,2,4,4,3,3,1,1,3,1,2,2
823,4,4,2,2,1,3,3,2,2,2,1,1
824,4,4,3,-1,1,3,3,2,2,5,2,2
825,1,1,7,-1,3,1,3,2,2,5,2,2
826,2,5,2,-1,1,3,2,1,1,2,2,2
827,2,2,1,5,1,1,2,1,1,2,2,2
828,2,2,3,1,1,3,3,2,2,5,1,1
829,2,2,2,1,1,3,1,2,3,5,1,1
830,4,4,3,3,1,1,2,1,2,1,1,1
831,5,5,3,-1,1,1,3,2,2,5,2,2
832,2,2,3,1,1,3,3,2,2,5,1,1
833,4,4,5,6,1,3,2,1,1,2,2,2
834,5,5,1,-1,1,3,1,2,2,5,2,2
835,5,2,6,2,1,3,3,1,2,2,1,1
836,1,1,4,1,3,1,2,2,2,2,1,1
837,2,2,1,2,1,3,3,2,2,1,1,1
838,3,1,7,-1,3,1,2,1,1,2,2,2
839,3,3,3,2,2,1,3,2,1,5,1,1
840,4,4,1,-1,2,1,3,2,1,5,2,2
841,1,4,4,-1,2,3,2,1,3,2,2,2
842,1,2,1,1,1,1,1,1,2,2,1,1
843,5,5,1,2,1,2,3,2,2,1,1,1
844,1,1,4,4,3,1,2,1,2,2,2,2
845,4,4,1,-1,1,3,3,2,3,5,2,2
846,4,3,7,5,1,1,1,1,2,1,2,2
847,3,5,6,6,2,1,3,1,3,1,2,2
848,2,2,4,-1,1,3,3,2,2,5,2,2
849,2,2,2,-1,1,3,3,2,2,5,2,2
850,5,2,7,3,1,2,2,2,3,5,1,1
851,1,2,6,4,2,3,1,1,2,2,2,2
852,3,3,1,1,2,1,3,2,1,5,1,1
853,3,5,4,1,2,1,2,1,1,1,1,1
854,1,4,1,5,1,1,1,1,1,1,2,2
855,3,3,1,-1,3,2,3,2,2,5,2,2
856,4,4,2,1,1,3,3,2,2,2,1,1
857,4,4,3,1,1,3,3,2,2,5,1,1
858,4,3,1,-1,1,2,2,1,3,1,2,2
859,3,3,2,1,3,1,3,2,3,5,1,1
860,1,2,7,-1,2,1,2,1,3,2,2,2
861,1,1,7,4,3,1,2,1,1,2,2,2
862,2,2,5,4,1,2,2,1,3,2,2,2
863,1,3,1,6,2,1,1,2,2,1,2,2
864,1,5,6,4,1,2,1,1,2,1,2,2
865,4,1,3,1,1,1,2,1,3,2,1,1
866,5,2,2,-1,1,2,2,1,1,2,2,2
867,4,4,6,2,1,2,2,2,1,5,1,1
868,2,2,2,5,1,1,3,1,1,2,2,2
869,1,1,1,3,2,1,3,2,1,5,1,1
870,4,4,3,1,1,3,3,2,2,5,1,1
871,3,2,5,2,2,1,2,1,3,2,1,1
872,1,4,1,1,1,1,2,2,2,2,1,1
873,3,5,5,3,2,1,2,1,3,2,1,1
874,2,2,1,2,1,3,3,2,2,5,1,1
875,4,1,1,1,1,2,2,1,3,2,1,1
876,4,4,3,3,1,3,3,2,2,2,1,1
877,1,5,3,-1,1,1,3,2,2,2,2,2
878,5,5,2,3,1,3,3,1,2,5,1,1
879,5,2,3,4,1,2,1,1,3,1,2,2
880,2,2,3,1,1,3,3,2,2,1,1,1
881,3,5,1,2,1,1,1,1,3,2,1,1
882,4,3,1,-1,1,2,2,1,3,2,2,2
883,4,4,1,1,1,2,3,2,2,5,1,1
884,4,4,2,-1,1,3,3,2,2,5,2,2
885,5,3,3,-1,1,2,2,1,3,2,2,2
886,1,4,3,4,2,1,1,1,2,1,2,2
887,1,1,3,3,2,1,3,2,2,5,1,1
888,2,2,3,4,1,3,2,1,1,2,2,2
889,5,4,3,4,1,3,1,1,3,1,2,2
890,3,3,5,4,3,3,2,1,1,5,2,2
891,4,4,2,1,1,3,2,2,2,5,1,1
892,4,4,1,3,1,3,3,2,2,5,1,1
893,3,4,6,-1,2,1,2,1,3,2,2,2
894,3,3,5,1,3,3,2,2,2,5,1,1
895,3,1,7,2,3,2,2,1,1,2,1,1
896,4,4,2,2,1,3,3,2,2,5,1,1
897,3,3,7,4,3,1,2,1,2,2,2,2
898,5,5,2,6,1,3,2,1,1,2,2,2
899,5,5,3,-1,1,3,3,2,2,5,2,2
900,2,3,2,1,1,3,2,1,3,2,1,1
901,2,2,7,1,1,2,3,2,1,5,1,1
902,2,4,3,-1,1,3,3,1,1,2,2,2
903,5,5,1,-1,3,3,2,2,3,5,2,2
904,3,5,5,5,2,3,1,1,2,1,2,2
905,5,1,1,1,1,2,2,1,3,2,1,1
906,4,4,1,-1,1,3,1,2,2,5,2,2
907,4,3,3,-1,1,2,1,1,3,2,2,2
908,4,4,1,1,1,3,3,2,3,5,1,1
909,5,1,2,-1,1,2,2,1,3,2,2,2
910,5,5,1,2,2,3,3,2,2,5,1,1
911,3,4,4,1,2,1,2,1,3,2,1,1
912,2,2,3,-1,1,3,3,2,2,5,2,2
913,4,2,3,2,1,3,2,1,1,1,1,1
914,3,4,7,3,2,1,2,2,3,2,1,1
915,5,5,2,3,1,3,2,2,2,5,1,1
916,3,2,7,3,2,1,1,1,3,5,1,1
917,5,5,2,-1,1,3,3,2,2,5,2,2
918,1,1,3,-1,2,1,3,2,1,5,2,2
919,2,2,2,1,1,3,3,2,2,5,1,1
920,3,3,3,-1,2,3,3,2,1,5,2,2
921,3,1,5,-1,3,1,1,2,3,1,2,2
922,5,5,5,-1,1,2,2,1,1,5,2,2
923,3,3,7,2,3,1,3,2,2,5,1,1
924,1,4,7,3,2,1,3,1,3,2,1,1
925,3,2,6,3,3,1,1,1,3,2,1,1
926,4,4,3,-1,2,3,3,2,2,5,2,2
927,3,4,4,1,2,1,2,1,3,2,1,1
928,2,2,6,1,1,3,2,2,2,1,1,1
929,1,3,2,3,2,1,2,1,3,2,1,1
930,1,1,4,-1,3,1,2,2,2,5,2,2
931,1,1,1,-1,2,1,3,2,1,5,2,2
932,3,2,4,-1,2,1,2,1,3,2,2,2
933,2,2,1,2,1,3,3,2,2,5,1,1
934,3,5,6,-1,2,2,2,1,3,2,2,2
935,4,4,2,2,1,3,3,2,2,5,1,1
936,3,3,5,1,3,1,3,2,2,5,1,1
937,5,4,2,5,3,3,1,1,3,1,2,2
938,2,2,7,1,1,2,3,2,1,5,1,1
939,1,1,4,1,3,1,3,2,2,5,1,1
940,3,2,5,-1,3,1,2,1,3,2,2,2
941,2,2,2,-1,2,3,3,2,2,5,2,2
942,5,2,3,1,3,3,1,1,1,2,1,1
943,3,3,1,3,2,1,3,2,1,5,1,1
944,3,4,3,3,1,1,1,1,2,2,1,1
945,2,2,1,-1,1,3,3,2,2,2,2,2
946,5,5,7,4,1,3,2,1,1,2,2,2
947,4,4,3,3,1,3,3,2,2,5,1,1
948,5,5,1,6,3,3,2,1,1,2,2,2
949,1,3,5,-1,2,1,2,1,3,1,2,2
950,4,4,6,-1,1,3,3,2,2,5,2,2
951,3,2,7,2,2,1,2,1,3,2,1,1
952,4,4,1,1,1,1,2,2,2,5,1,1
953,5,5,3,4,1,3,2,1,3,2,2,2
954,3,3,4,1,3,1,3,2,1,5,1,1
955,3,3,4,-1,3,1,3,1,2,5,2,2
956,3,5,6,2,1,1,2,1,2,2,1,1
957,4,4,4,-1,1,3,3,2,2,1,2,2
958,4,4,2,3,1,3,3,2,2,1,1,1
959,2,2,2,-1,1,3,3,2,2,5,2,2
960,1,3,7,-1,3,1,2,1,1,2,2,2
961,3,5,5,1,2,1,2,1,3,2,1,1
962,4,3,3,-1,1,2,2,2,1,2,2,2
963,3,5,2,2,1,1,2,1,2,2,1,1
964,4,4,6,-1,1,2,3,2,1,5,2,2
965,2,1,1,2,1,2,1,1,3,2,1,1
966,4,4,1,3,1,3,3,2,2,5,1,1
967,2,2,3,1,2,3,3,1,2,5,1,1
968,1,2,4,-1,3,1,2,1,1,2,2,2
969,3,1,2,1,2,1,2,1,2,2,1,1
970,4,4,5,1,1,2,3,2,2,5,1,1
971,3,2,4,-1,2,1,2,1,3,2,2,2
972,1,1,1,-1,2,1,3,2,1,5,2,2
973,4,4,1,2,1,3,3,2,2,5,1,1
974,4,4,2,1,1,3,3,1,2,5,1,1
975,4,4,2,6,1,3,2,1,1,2,2,2
976,4,4,3,2,1,3,3,2,2,5,1,1
977,4,4,7,2,1,3,3,2,2,5,1,1
978,4,4,1,-1,1,3,3,2,2,5,2,2
979,4,2,1,3,1,3,2,1,1,2,1,1
980,5,2,2,5,1,3,1,1,3,1,2,2
981,3,1,2,-1,2,1,2,1,1,2,2,2
982,5,5,1,-1,1,3,3,2,2,5,2,2
983,3,3,3,-1,1,1,3,2,2,5,2,2
984,5,1,6,-1,1,1,2,1,2,2,2,2
985,5,5,2,4,1,3,2,1,1,2,2,2
986,2,2,2,2,1,3,1,2,2,5,1,1
987,3,2,5,3,2,1,2,1,3,2,1,1
988,3,3,6,2,1,1,3,2,3,5,1,1
989,4,4,3,-1,1,3,3,2,2,5,2,2
990,4,4,3,-1,1,3,3,2,2,5,2,2
991,3,2,6,3,2,2,2,1,3,1,1,1
992,4,5,1,1,2,3,2,1,1,2,1,1
993,4,5,1,4,1,3,1,1,2,1,2,2
994,5,5,1,-1,1,3,3,2,2,5,2,2
995,5,5,2,-1,1,2,3,2,2,5,2,2
996,5,5,3,1,1,3,3,2,2,5,1,1
997,4,2,3,-1,3,2,2,1,1,2,2,2
998,2,2,1,3,1,3,3,2,2,5,1,1
999,4,4,2,3,1,3,3,2,2,5,1,1
1000,4,4,2,3,1,3,3,2,2,1,1,1
1001,3,2,2,-1,1,1,2,2,3,2,2,2
1002,2,1,1,5,1,2,1,1,2,1,2,2
1003,4,4,2,4,1,3,2,2,1,2,2,2
1004,2,5,2,4,1,3,3,1,3,1,2,2
1005,2,2,2,3,1,3,3,2,2,5,1,1
1006,2,2,1,1,1,3,3,2,2,1,1,1
1007,1,2,5,1,3,1,2,1,3,2,1,1
1008,5,5,3,3,1,3,3,2,2,5,1,1
1009,2,2,1,5,1,1,2,1,1,2,2,2
1010,2,2,7,-1,2,3,1,1,2,1,2,2
1011,3,1,4,3,3,1,2,1,1,2,1,1
1012,4,5,2,3,1,3,2,1,2,2,1,1
1013,4,4,3,2,1,1,3,2,2,5,1,1
1014,3,2,1,-1,1,3,2,1,2,2,2,2
1015,5,3,6,1,1,2,3,1,3,2,1,1
1016,1,3,5,3,3,1,2,1,1,1,1,1
1017,2,2,3,-1,2,3,3,2,2,5,2,2
1018,3,3,2,1,2,1,3,2,1,5,1,1
1019,4,4,3,1,1,3,3,2,2,5,1,1
1020,2,2,2,1,1,3,3,2,2,5,1,1
1021,3,5,7,5,2,1,1,2,2,1,2,2
1022,2,3,5,4,2,1,1,1,3,1,2,2
1023,5,5,1,1,1,3,3,1,2,5,1,1
1024,2,2,3,3,2,3,3,2,2,5,1,1
1025,4,4,1,3,1,3,2,2,2,5,1,1
1026,2,2,1,3,1,3,3,1,2,5,1,1
1027,1,4,4,-1,2,1,2,1,3,2,2,2
1028,5,4,2,2,1,2,2,1,1,2,1,1
1029,4,4,1,1,1,2,3,2,3,5,1,1
1030,5,5,2,1,1,3,3,2,2,5,1,1
1031,3,5,3,3,1,1,2,1,2,2,1,1
1032,4,2,3,5,1,3,1,1,2,1,2,2
1033,3,2,5,1,2,1,2,1,3,2,1,1
1034,5,4,6,3,1,3,2,2,1,2,1,1
1035,4,4,1,1,1,3,3,2,2,5,1,1
1036,3,2,6,3,2,1,2,1,3,2,1,1
1037,4,4,7,5,1,2,2,1,3,2,2,2
1038,1,2,6,4,2,1,3,1,2,1,2,2
1039,3,5,7,-1,2,1,1,1,3,5,2,2
1040,2,2,1,2,1,3,3,2,2,2,1,1
1041,2,2,3,4,1,3,2,1,2,2,2,2
1042,1,1,3,1,3,1,3,2,3,2,1,1
1043,5,4,2,-1,1,3,2,1,1,2,2,2
1044,5,5,2,-1,1,3,3,2,2,5,2,2
1045,1,3,5,3,1,1,2,1,1,2,1,1
1046,4,1,3,1,1,2,2,1,3,2,1,1
1047,2,2,3,-1,2,3,3,2,2,5,2,2
1048,4,2,3,-1,1,3,2,1,1,2,2,2
1049,2,4,1,1,1,3,2,1,1,2,1,1
1050,5,3,3,-1,1,2,2,1,3,2,2,2
1051,2,2,3,4,1,3,2,1,2,2,2,2
1052,4,3,5,2,3,3,2,1,3,2,1,1
1053,1,3,2,-1,2,3,2,1,3,5,2,2
1054,4,4,2,1,1,3,3,2,2,5,1,1
1055,4,4,2,-1,1,3,1,2,1,5,2,2
1056,1,1,7,4,1,2,1,1,2,2,2,2
1057,1,1,5,2,3,2,3,2,2,5,1,1
1058,1,1,6,-1,3,1,3,2,2,5,2,2
1059,4,4,3,3,1,1,3,2,2,5,1,1
1060,4,4,6,6,1,3,3,1,1,2,2,2
1061,4,4,2,5,1,3,2,1,1,2,2,2
1062,1,1,6,2,3,1,3,2,3,5,1,1
1063,2,2,1,5,1,3,2,1,1,2,2,2
1064,2,4,3,2,1,3,3,1,3,2,1,1
1065,4,2,7,-1,1,2,2,1,3,2,2,2
1066,2,5,1,2,1,3,2,1,1,2,1,1
1067,5,2,2,2,1,3,3,1,2,2,1,1
1068,5,5,5,3,1,3,3,1,2,5,1,1
1069,3,4,4,-1,2,1,2,1,3,2,2,2
1070,5,5,1,3,1,3,1,1,2,5,1,1
1071,5,5,2,1,1,3,3,2,2,5,1,1
1072,2,2,3,-1,1,1,2,2,3,5,2,2
1073,3,4,6,4,2,1,1,1,2,1,2,2
1074,4,5,7,-1,1,3,2,1,1,2,2,2
1075,5,5,1,4,1,3,2,1,1,2,2,2
1076,4,4,7,-1,1,2,3,2,1,5,2,2
1077,3,4,4,4,2,1,1,1,2,1,2,2
1078,4,4,2,3,1,3,3,1,2,2,1,1
1079,2,5,2,2,1,3,3,2,2,2,1,1
1080,4,2,3,2,1,3,2,1,2,2,1,1
1081,4,4,2,-1,1,3,3,1,2,5,2,2
1082,4,4,1,1,1,3,3,2,2,5,1,1
1083,1,5,3,5,1,1,3,1,1,1,2,2
1084,4,2,1,2,1,3,2,2,1,2,1,1
1085,3,5,3,3,1,1,2,1,1,2,1,1
1086,4,4,1,2,3,3,3,2,2,5,1,1
1087,2,2,3,1,1,3,3,1,2,5,1,1
1088,1,2,4,6,2,1,1,1,1,1,2,2
1089,2,2,2,2,1,3,3,2,2,5,1,1
1090,2,2,1,1,1,3,3,2,2,5,1,1
1091,2,2,2,1,1,3,3,2,2,5,1,1
1092,5,5,2,2,1,3,3,2,2,5,1,1
1093,3,3,1,4,2,1,2,1,3,5,2,2
1094,1,1,5,-1,3,1,3,2,3,5,2,2
1095,2,2,7,-1,1,3,3,2,2,5,2,2
1096,3,3,2,-1,2,3,3,2,1,1,2,2
1097,1,5,2,-1,1,1,2,1,2,2,2,2
1098,3,4,5,-1,2,1,2,1,3,2,2,2
1099,2,2,2,-1,1,3,3,2,3,5,2,2
1100,4,4,2,1,1,3,3,2,2,5,1,1
1101,5,5,2,-1,1,3,1,1,2,5,2,2
1102,4,4,2,1,1,3,3,2,2,1,1,1
1103,1,1,7,3,3,1,2,2,2,5,1,1
1104,3,3,6,-1,3,1,1,2,2,5,2,2
1105,4,4,3,2,1,2,3,2,2,2,1,1
1106,4,3,2,4,1,2,1,1,2,1,2,2
1107,2,2,3,1,1,2,3,2,2,5,1,1
1108,4,4,1,6,1,3,3,2,2,2,2,2
1109,3,4,1,6,3,1,1,1,1,1,2,2
1110,5,4,2,2,1,3,1,1,1,5,1,1
1111,4,1,4,3,3,2,2,1,3,2,1,1
1112,4,4,2,-1,1,3,3,2,1,5,2,2
1113,5,2,3,3,1,3,2,1,2,2,1,1
1114,2,2,6,2,1,3,3,2,2,5,1,1
1115,2,2,1,-1,1,1,3,2,2,1,2,2
1116,4,4,1,-1,3,3,3,2,2,5,2,2
1117,5,5,4,3,1,3,3,2,2,5,1,1
1118,2,2,3,1,1,3,3,2,1,5,1,1
1119,1,2,5,2,1,1,2,1,3,1,1,1
1120,3,1,4,1,1,1,2,1,1,1,1,1
1121,3,3,7,2,1,1,3,2,2,5,1,1
1122,1,2,6,1,2,1,1,1,3,5,1,1
1123,1,2,6,-1,2,1,2,1,3,1,2,2
1124,5,5,3,1,1,1,3,2,2,5,1,1
1125,4,4,1,4,1,3,2,1,1,2,2,2
1126,4,3,2,-1,1,2,2,1,3,1,2,2
1127,2,4,3,-1,1,3,2,1,3,5,2,2
1128,1,2,1,-1,1,3,2,1,2,2,2,2
1129,1,4,5,-1,2,1,1,1,3,2,2,2
1130,1,1,6,-1,1,1,3,2,2,5,2,2
1131,2,2,1,1,1,3,1,2,2,5,1,1
1132,3,4,1,-1,1,1,2,2,2,2,2,2
1133,3,5,6,3,3,3,2,1,3,2,1,1
1134,4,4,3,5,1,1,2,1,1,2,2,2
1135,2,2,2,4,1,3,2,1,1,2,2,2
1136,1,1,5,6,3,2,2,2,1,2,2,2
1137,2,1,1,2,1,3,2,1,3,2,1,1
1138,3,5,1,4,1,1,1,2,1,2,2,2
1139,1,2,2,3,1,1,2,1,2,5,1,1
1140,5,5,2,-1,1,3,3,2,2,5,2,2
1141,1,2,2,2,2,1,2,1,3,2,1,1
1142,2,5,2,-1,1,3,2,1,1,2,2,2
1143,2,2,6,1,1,2,1,2,1,5,1,1
1144,2,2,3,-1,1,3,3,2,2,5,2,2
1145,1,3,5,2,3,1,3,1,1,2,1,1
1146,5,2,3,5,1,1,1,1,3,1,2,2
1147,1,2,2,-1,1,1,2,1,2,2,2,2
1148,2,2,7,3,1,1,3,2,3,5,1,1
1149,4,1,3,1,1,1,2,1,2,2,1,1
1150,3,3,4,1,3,1,3,1,2,5,1,1
1151,3,3,6,2,3,1,3,2,2,5,1,1
1152,3,2,3,3,1,1,3,1,2,2,1,1
1153,4,4,1,-1,1,3,3,1,2,2,2,2
1154,2,2,1,4,2,3,2,2,1,2,2,2
1155,4,5,3,-1,1,3,2,1,1,2,2,2
1156,2,2,2,1,1,3,3,2,1,5,1,1
1157,1,1,5,-1,3,1,3,2,2,5,2,2
1158,5,5,3,1,2,3,3,2,2,1,1,1
1159,2,2,2,3,1,3,3,2,2,5,1,1
1160,4,4,2,4,1,3,2,1,1,5,2,2
1161,1,4,5,4,1,1,2,1,2,1,2,2
1162,5,4,2,1,1,3,2,1,1,2,1,1
1163,1,1,5,1,3,1,3,2,2,5,1,1
1164,3,5,5,4,2,1,1,1,2,1,2,2
1165,4,4,2,1,1,3,3,2,2,5,1,1
1166,3,3,7,-1,3,1,3,2,2,5,2,2
1167,1,3,1,1,2,1,2,1,1,1,1,1
1168,2,2,2,1,1,2,3,2,2,5,1,1
1169,1,1,5,-1,3,1,2,2,2,5,2,2
1170,3,3,6,3,3,1,3,2,2,5,1,1
1171,4,3,2,1,1,2,2,1,3,2,1,1
1172,4,4,6,2,1,3,3,2,2,5,1,1
1173,3,3,6,2,3,1,3,2,1,5,1,1
1174,3,3,4,-1,3,1,3,2,2,5,2,2
1175,4,4,3,3,1,3,3,2,2,1,1,1
1176,4,5,1,-1,1,3,2,1,1,1,2,2
1177,5,3,1,3,1,2,2,1,1,1,1,1
1178,2,2,3,2,1,3,3,2,2,5,1,1
1179,4,4,2,-1,1,3,3,2,3,5,2,2
1180,3,3,4,1,3,1,3,2,2,5,1,1
1181,1,1,1,3,2,1,3,1,1,5,1,1
1182,3,4,6,2,2,1,2,1,3,2,1,1
1183,1,1,2,5,2,1,2,1,3,2,2,2
1184,5,4,1,-1,1,3,2,1,1,2,2,2
1185,4,4,1,2,2,3,3,1,3,5,1,1
1186,3,2,5,2,2,1,2,1,3,2,1,1
1187,4,4,2,-1,1,3,3,2,2,5,2,2
1188,1,4,4,1,2,1,1,1,3,2,1,1
1189,5,5,2,3,1,3,3,2,2,5,1,1
1190,2,2,1,1,1,1,2,2,2,5,1,1
1191,5,1,3,3,1,2,1,1,3,1,1,1
1192,5,5,2,4,1,3,2,1,1,2,2,2
1193,5,4,1,2,1,3,2,1,3,2,1,1
1194,5,5,1,1,1,3,3,2,2,5,1,1
1195,1,2,7,-1,3,1,2,1,3,2,2,2
1196,3,5,7,1,3,1,2,1,3,2,1,1
1197,4,4,1,5,2,3,2,1,1,1,2,2
1198,2,2,6,5,1,3,2,1,3,2,2,2
1199,2,2,2,3,1,3,3,2,2,5,1,1
1200,3,3,7,-1,3,1,3,2,2,5,2,2
1201,4,4,2,-1,1,3,2,2,2,5,2,2
1202,5,5,3,5,1,3,2,1,1,2,2,2
1203,5,3,3,-1,1,2,2,1,3,2,2,2
1204,2,2,2,-1,1,3,3,1,3,5,2,2
1205,5,5,3,2,2,3,3,2,2,5,1,1
1206,5,4,1,1,3,3,2,1,1,2,1,1
1207,5,3,3,1,1,2,2,1,3,1,1,1
1208,3,4,5,1,1,1,2,2,3,5,1,1
1209,2,2,3,4,1,3,2,1,3,2,2,2
1210,4,4,3,3,1,3,2,2,2,5,1,1
1211,4,4,1,1,1,3,3,2,2,5,1,1
1212,1,1,2,4,2,2,1,1,3,2,2,2
1213,5,5,1,1,1,3,3,2,2,5,1,1
1214,3,2,6,1,2,1,2,2,3,1,1,1
1215,5,5,1,-1,2,3,3,2,1,5,2,2
1216,4,4,3,-1,1,3,3,2,2,5,2,2
1217,4,2,3,-1,2,2,2,1,1,2,2,2
1218,1,1,3,-1,2,1,3,2,1,5,2,2
1219,5,2,7,3,1,2,1,1,3,2,1,1
1220,2,2,2,-1,3,3,3,2,2,5,2,2
1221,5,5,1,2,1,2,3,2,2,1,1,1
1222,1,1,3,4,2,1,2,1,3,2,2,2
1223,4,4,2,4,1,3,2,1,1,2,2,2
1224,4,4,1,-1,1,3,3,2,2,2,2,2
1225,5,5,2,1,1,3,3,2,2,5,1,1
1226,2,2,2,4,1,1,2,1,1,2,2,2
1227,5,5,3,4,1,2,1,1,1,2,2,2
1228,5,5,2,1,1,2,3,2,2,5,1,1
1229,5,1,1,1,1,2,2,1,2,1,1,1
1230,5,5,3,2,1,3,3,2,2,5,1,1
1231,3,2,4,1,2,1,2,1,2,1,1,1
1232,4,2,1,3,1,3,2,1,1,1,1,1
1233,2,2,3,-1,1,3,1,2,2,5,2,2
1234,1,5,1,-1,1,3,2,1,2,2,2,2
1235,5,4,5,1,2,2,2,2,3,2,1,1
1236,5,5,6,2,1,3,3,2,2,5,1,1
1237,3,1,7,3,3,1,2,1,1,5,1,1
1238,3,3,5,1,3,1,3,2,2,5,1,1
1239,3,2,4,1,2,1,3,1,3,2,1,1
1240,3,2,7,3,2,1,2,1,3,2,1,1
1241,3,2,1,2,1,1,2,1,2,2,1,1
1242,5,4,3,-1,1,3,2,1,1,2,2,2
1243,4,4,2,2,1,3,3,2,2,1,1,1
1244,5,5,6,-1,2,2,3,2,3,5,2,2
1245,5,5,1,3,1,3,3,1,2,5,1,1
1246,5,5,3,2,1,3,3,2,2,5,1,1
1247,1,1,4,3,3,2,2,2,2,5,1,1
1248,2,2,1,2,1,3,3,2,2,5,1,1
1249,2,2,2,6,2,3,2,1,1,2,2,2
1250,2,2,2,4,1,3,2,1,1,2,2,2
1251,2,2,1,-1,1,3,3,2,2,5,2,2
1252,1,1,7,2,2,1,3,2,2,2,1,1
1253,2,2,3,-1,1,3,1,2,2,5,2,2
1254,1,1,6,2,3,1,3,2,2,5,1,1
1255,4,4,7,-1,1,3,3,2,2,5,2,2
1256,5,5,2,-1,1,1,3,2,2,2,2,2
1257,3,3,7,2,2,1,3,1,1,5,1,1
1258,3,5,6,2,2,1,2,1,3,2,1,1
1259,2,2,5,-1,3,2,3,2,1,1,2,2
1260,3,4,7,-1,3,2,2,1,3,1,2,2
1261,4,5,7,4,1,3,1,1,3,1,2,2
1262,1,1,2,-1,2,1,3,2,1,5,2,2
1263,1,1,4,2,2,1,3,2,1,2,1,1
1264,1,2,1,-1,1,1,2,1,2,2,2,2
1265,2,2,3,-1,1,3,3,2,2,5,2,2
1266,3,1,4,-1,1,1,2,2,1,2,2,2
1267,5,2,1,-1,1,3,2,1,1,2,2,2
1268,3,4,7,2,2,1,2,1,3,5,1,1
1269,3,2,4,-1,2,1,2,1,3,2,2,2
1270,2,2,1,-1,1,3,3,2,2,2,2,2
1271,5,2,5,2,1,2,2,1,3,2,1,1
1272,3,4,5,6,2,1,1,2,1,1,2,2
1273,3,1,7,3,2,1,2,1,3,2,1,1
1274,5,1,1,6,1,2,1,1,2,1,2,2
1275,4,1,2,4,2,2,3,1,2,5,2,2
1276,5,4,7,1,1,3,2,1,1,2,1,1
1277,5,5,3,4,2,3,2,1,1,2,2,2
1278,1,4,1,3,1,1,2,1,2,2,1,1
1279,2,2,1,3,1,1,3,2,2,5,1,1
1280,1,1,6,3,3,1,3,2,2,5,1,1
1281,5,4,3,-1,1,3,2,1,1,2,2,2
1282,2,2,2,-1,1,3,3,2,2,5,2,2
1283,4,4,2,2,2,3,3,2,2,5,1,1
1284,4,4,2,-1,1,1,3,2,2,5,2,2
1285,2,2,2,5,1,3,2,1,1,2,2,2
1286,5,5,2,6,1,3,2,1,3,2,2,2
1287,1,1,4,1,2,1,3,2,3,5,1,1
1288,5,5,2,1,1,3,3,1,2,5,1,1
1289,2,2,3,-1,3,3,3,2,2,5,2,2
1290,3,3,7,2,3,1,2,2,2,5,1,1
1291,1,3,4,-1,3,1,2,1,1,2,2,2
1292,3,3,7,-1,3,1,3,2,2,1,2,2
1293,3,1,7,-1,2,3,2,1,3,2,2,2
1294,4,4,3,-1,2,3,3,2,2,5,2,2
1295,1,1,5,-1,2,1,3,2,2,5,2,2
1296,1,1,2,2,2,1,3,2,1,5,1,1
1297,1,1,4,2,3,1,3,2,2,5,1,1
1298,3,2,1,2,1,1,2,1,2,2,1,1
1299,5,4,2,-1,1,3,2,1,1,2,2,2
1300,2,2,2,3,1,3,3,2,2,1,1,1
1301,4,4,7,-1,1,3,3,2,1,5,2,2
1302,3,5,7,-1,2,1,2,1,3,2,2,2
1303,2,2,1,1,2,3,3,2,2,2,1,1
1304,3,5,5,1,2,1,2,1,3,2,1,1
1305,5,5,6,3,1,3,3,2,2,5,1,1
1306,5,5,4,3,1,3,2,2,2,5,1,1
1307,3,1,7,1,3,3,2,2,1,2,1,1
1308,2,2,1,3,1,1,3,2,2,5,1,1
1309,1,1,5,-1,3,1,3,2,2,5,2,2
1310,5,5,5,2,1,3,1,2,2,5,1,1
1311,4,4,2,1,1,3,3,2,2,5,1,1
1312,4,3,3,1,1,2,3,1,3,2,1,1
1313,3,4,6,-1,3,1,1,1,3,2,2,2
1314,1,2,6,-1,2,1,2,1,3,2,2,2
1315,5,5,2,4,1,3,2,2,1,2,2,2
1316,5,5,7,5,1,2,2,1,3,2,2,2
1317,5,5,2,3,1,3,3,2,2,5,1,1
1318,2,2,6,1,1,2,3,1,1,5,1,1
1319,4,4,4,3,1,3,3,2,2,5,1,1
1320,5,5,3,-1,1,3,2,2,2,5,2,2
1321,3,1,6,2,3,1,2,1,1,2,1,1
1322,1,2,6,-1,2,1,2,1,3,2,2,2
1323,4,4,1,5,1,3,1,2,2,1,2,2
1324,1,1,4,-1,3,1,3,2,2,5,2,2
1325,4,4,1,2,1,3,3,2,1,5,1,1
1326,1,2,6,1,2,1,2,1,1,2,1,1
1327,4,2,4,3,1,3,2,1,1,2,1,1
1328,2,4,5,-1,1,2,2,1,3,2,2,2
1329,2,5,1,-1,1,1,2,1,1,2,2,2
1330,1,5,4,-1,2,1,2,1,1,2,2,2
1331,3,1,4,3,3,1,2,1,1,2,1,1
1332,5,1,5,4,1,2,2,1,2,1,2,2
1333,5,1,5,2,1,1,2,1,2,1,1,1
1334,2,2,2,-1,1,3,2,2,2,5,2,2
1335,2,2,2,3,1,3,3,2,2,5,1,1
1336,3,3,2,-1,3,1,3,2,2,5,2,2
1337,4,4,3,2,3,3,3,2,3,5,1,1
1338,5,5,3,4,1,3,2,1,1,2,2,2
1339,1,1,6,-1,2,1,3,2,2,5,2,2
1340,3,3,4,-1,3,1,3,2,2,5,2,2
1341,3,5,7,-1,2,1,2,2,3,2,2,2
1342,2,2,3,1,1,3,3,1,2,5,1,1
1343,1,4,4,3,2,1,2,1,3,2,1,1
1344,3,4,3,3,1,1,2,1,3,2,1,1
1345,2,2,3,-1,3,3,3,2,2,5,2,2
1346,5,1,2,-1,1,3,2,1,3,2,2,2
1347,4,1,1,-1,1,2,2,1,3,1,2,2
1348,3,4,3,6,1,1,1,1,1,1,2,2
1349,1,4,1,3,1,1,1,1,2,2,1,1
1350,3,1,2,-1,2,1,2,1,3,2,2,2
1351,2,2,2,3,1,3,1,2,2,5,1,1
1352,2,2,2,1,1,3,3,2,1,5,1,1
1353,2,2,4,3,1,3,3,2,2,5,1,1
1354,4,4,3,3,1,3,3,2,2,5,1,1
1355,5,5,1,-1,1,3,3,2,2,5,2,2
1356,3,4,5,2,2,1,3,1,3,2,1,1
1357,1,3,5,4,2,2,1,1,3,1,2,2
1358,1,5,2,-1,3,1,2,1,2,2,2,2
1359,4,4,1,-1,1,3,3,1,2,5,2,2
1360,1,3,5,3,3,1,3,1,1,5,1,1
1361,4,4,4,2,1,3,3,2,2,5,1,1
1362,1,5,4,-1,2,1,2,1,3,2,2,2
1363,3,5,6,3,2,1,2,1,3,2,1,1
1364,4,4,1,3,1,3,3,2,2,5,1,1
1365,2,2,3,-1,3,3,3,2,2,5,2,2
1366,1,1,7,3,3,2,3,2,2,5,1,1
1367,2,2,2,3,1,3,1,2,2,5,1,1
1368,3,4,3,1,1,1,2,1,2,1,1,1
1369,1,1,7,-1,3,1,3,2,1,5,2,2
1370,4,2,2,-1,1,3,2,1,1,2,2,2
1371,5,5,2,4,1,3,2,1,3,2,2,2
1372,4,4,1,1,1,3,3,2,1,5,1,1
1373,3,3,6,6,3,1,2,1,1,2,2,2
1374,5,1,1,2,1,3,3,1,1,1,1,1
1375,5,5,3,-1,1,3,3,2,2,5,2,2
1376,2,2,2,-1,2,3,3,2,2,5,2,2
1377,3,2,3,1,1,1,2,1,2,2,1,1
1378,1,5,6,4,2,1,1,1,2,5,2,2
1379,2,1,1,4,1,2,1,1,2,1,2,2
1380,1,1,3,4,2,1,2,1,1,5,2,2
1381,2,2,3,1,3,3,3,2,2,5,1,1
1382,5,5,2,3,1,3,3,2,3,5,1,1
1383,5,3,3,5,1,2,1,1,2,5,2,2
1384,4,4,5,1,1,3,1,2,2,5,1,1
1385,4,4,2,-1,1,3,3,2,2,5,2,2
1386,4,4,4,-1,1,3,3,2,2,5,2,2
1387,5,5,5,5,1,2,1,1,3,2,2,2
1388,1,3,1,2,2,1,2,1,1,2,1,1
1389,1,1,6,1,3,1,3,2,2,5,1,1
1390,5,5,2,-1,1,3,1,2,2,5,2,2
1391,5,4,1,2,1,3,2,1,1,2,1,1
1392,5,5,4,-1,2,3,3,2,2,5,2,2
1393,5,5,3,1,1,3,3,2,2,5,1,1
1394,3,1,2,3,2,1,2,1,3,2,1,1
1395,4,4,3,-1,1,3,3,2,2,5,2,2
1396,3,5,7,2,3,1,2,1,3,2,1,1
1397,2,2,3,-1,1,3,3,2,2,5,2,2
1398,4,4,2,1,1,3,3,2,2,5,1,1
1399,3,5,6,4,2,1,1,1,2,1,2,2
1400,1,1,7,2,3,1,3,2,2,5,1,1
1401,2,3,3,6,1,1,1,1,2,1,2,2
1402,4,4,3,2,1,3,3,2,2,5,1,1
1403,1,1,5,-1,3,1,3,2,2,5,2,2
1404,4,4,1,1,1,3,1,2,2,5,1,1
1405,4,4,6,4,1,3,2,1,1,2,2,2
1406,5,4,3,-1,1,3,2,1,2,2,2,2
1407,2,2,1,-1,1,3,3,2,2,5,2,2
1408,3,1,5,1,1,2,2,1,1,2,1,1
1409,5,5,2,2,1,3,3,2,2,1,1,1
1410,5,2,3,1,1,3,2,1,1,2,1,1
1411,4,4,2,-1,1,1,3,2,2,2,2,2
1412,3,3,5,-1,3,1,1,2,2,5,2,2
1413,4,4,7,1,1,3,3,2,2,5,1,1
1414,2,2,1,3,1,3,3,2,2,5,1,1
1415,4,1,3,1,1,2,3,1,3,2,1,1
1416,3,1,3,6,3,1,1,1,3,1,2,2
1417,3,3,4,3,3,1,2,2,2,2,1,1
1418,2,5,2,-1,1,3,1,1,1,2,2,2
1419,2,3,4,-1,1,2,2,1,3,2,2,2
1420,5,5,1,3,2,3,3,2,1,5,1,1
1421,5,2,3,5,3,3,1,1,3,1,2,2
1422,2,2,1,2,2,3,3,1,2,5,1,1
1423,4,4,4,2,1,3,3,2,2,5,1,1
1424,4,4,2,-1,3,2,3,1,2,5,2,2
1425,2,2,2,3,1,3,3,2,2,5,1,1
1426,2,1,6,-1,1,2,1,1,3,2,2,2
1427,4,2,2,2,1,3,2,1,1,2,1,1
1428,2,5,3,-1,1,3,2,1,1,2,2,2
1429,1,1,7,-1,3,1,3,2,1,5,2,2
1430,3,4,1,1,1,1,2,1,2,2,1,1
1431,1,5,1,1,2,1,2,1,2,2,1,1
1432,4,4,1,-1,1,3,3,2,2,5,2,2
1433,2,2,5,-1,1,3,3,2,2,5,2,2
1434,2,2,1,-1,1,3,3,1,2,5,2,2
1435,3,4,2,1,1,1,2,1,2,5,1,1
1436,4,4,4,2,1,3,3,2,2,5,1,1
1437,5,5,5,1,1,3,3,2,2,1,1,1
1438,3,1,1,4,2,2,1,1,2,1,2,2
1439,3,3,6,-1,3,1,3,2,2,5,2,2
1440,3,3,1,6,2,1,1,1,3,1,2,2
1441,2,2,1,2,1,3,3,2,2,5,1,1
1442,3,5,2,-1,2,1,3,1,3,1,2,2
1443,1,1,5,-1,3,1,3,2,2,5,2,2
1444,5,3,2,2,1,2,3,1,3,2,1,1
1445,4,4,3,-1,2,3,3,2,1,5,2,2
1446,3,1,6,4,3,1,2,1,1,1,2,2
1447,2,2,2,2,1,3,3,2,2,5,1,1
1448,4,4,1,4,1,3,2,1,1,2,2,2
1449,5,1,1,4,1,2,1,1,2,1,2,2
1450,2,2,3,6,1,3,2,1,1,2,2,2
1451,2,5,7,-1,2,3,2,1,1,2,2,2
1452,4,4,3,1,3,3,3,2,2,1,1,1
1453,2,2,2,-1,1,3,1,2,2,5,2,2
1454,5,2,1,3,1,3,2,2,1,2,1,1
1455,4,1,1,5,1,2,1,1,2,1,2,2
1456,5,5,3,6,1,3,2,2,1,2,2,2
1457,2,2,1,5,1,3,2,1,1,2,2,2
1458,3,1,1,1,2,1,2,1,3,2,1,1
1459,4,3,5,5,1,2,1,1,2,2,2,2
1460,2,2,1,5,1,3,1,1,1,2,2,2
1461,3,3,4,-1,3,1,3,2,2,1,2,2
1462,4,4,2,-1,1,3,3,2,2,2,2,2
1463,5,5,3,3,1,3,3,2,2,5,1,1
1464,1,1,2,5,2,1,2,1,3,1,2,2
1465,3,4,3,1,3,1,2,2,2,2,1,1
1466,3,3,6,2,2,3,3,2,3,1,1,1
1467,1,4,1,-1,1,1,2,1,3,2,2,2
1468,3,3,4,1,3,1,3,2,2,5,1,1
1469,4,4,2,-1,1,2,3,2,2,5,2,2
1470,5,4,1,1,1,3,2,1,1,2,1,1
1471,2,2,3,5,2,3,3,1,2,2,2,2
1472,3,2,1,-1,1,1,2,1,2,2,2,2
1473,3,1,4,3,3,1,1,1,1,2,1,1
1474,2,2,3,2,1,3,3,2,2,5,1,1
1475,4,3,3,6,1,2,1,1,2,5,2,2
1476,4,4,7,-1,1,3,3,2,2,5,2,2
1477,3,3,3,-1,3,1,3,2,2,5,2,2
1478,5,2,3,-1,1,3,2,1,2,2,2,2
1479,5,2,2,4,1,3,1,1,3,1,2,2
1480,1,1,6,1,3,1,3,2,2,5,1,1
1481,5,4,6,-1,2,3,2,1,1,2,2,2
1482,2,2,3,2,1,3,3,2,2,5,1,1
1483,4,2,1,-1,1,3,2,1,1,2,2,2
1484,2,2,1,4,3,3,1,1,1,5,2,2
1485,4,4,2,1,1,1,1,2,2,2,1,1
1486,1,1,4,-1,3,1,3,1,2,5,2,2
1487,2,2,5,3,1,3,3,2,1,5,1,1
1488,4,1,3,-1,1,2,2,1,3,5,2,2
1489,2,2,7,-1,1,3,3,1,2,5,2,2
1490,4,4,2,2,1,3,2,1,2,5,1,1
1491,2,2,5,-1,1,3,3,2,3,5,2,2
1492,1,1,6,3,3,1,3,2,2,5,1,1
1493,1,1,6,6,3,1,2,1,1,2,2,2
1494,4,4,5,4,1,2,1,1,3,2,2,2
1495,5,4,5,4,1,3,3,1,3,1,2,2
1496,2,2,3,3,1,2,3,2,1,5,1,1
1497,1,5,2,-1,1,1,3,1,2,2,2,2
1498,4,1,3,-1,1,2,2,1,2,2,2,2
1499,1,5,1,-1,2,1,2,1,2,2,2,2
1500,1,4,1,2,1,2,2,1,2,1,1,1
1501,1,1,4,-1,3,1,2,2,1,2,2,2
1502,5,5,1,-1,1,3,3,2,2,5,2,2
1503,5,4,1,-1,1,3,2,1,1,2,2,2
1504,2,2,4,3,1,3,3,2,3,1,1,1
1505,1,2,2,2,3,1,2,1,2,2,1,1
1506,5,1,4,2,1,2,2,1,3,2,1,1
1507,3,2,7,2,2,3,2,1,3,2,1,1
1508,4,4,3,-1,1,3,1,2,2,5,2,2
1509,3,5,5,1,2,1,2,1,3,2,1,1
1510,2,2,3,3,3,3,3,2,2,5,1,1
1511,5,5,1,3,1,3,3,2,2,5,1,1
1512,2,2,2,4,2,3,1,1,1,5,2,2
1513,2,2,3,-1,1,3,3,1,2,5,2,2
1514,3,2,3,2,1,1,2,1,2,2,1,1
1515,3,1,1,2,3,1,2,1,1,1,1,1
1516,2,3,4,6,1,2,1,1,3,1,2,2
1517,3,1,7,1,3,1,3,1,1,2,1,1
1518,2,2,2,6,1,3,2,1,1,1,2,2
1519,1,2,5,3,2,1,2,1,3,2,1,1
1520,3,2,3,3,1,1,2,1,2,2,1,1
1521,3,5,5,1,2,2,2,1,3,2,1,1
1522,5,1,3,-1,1,2,2,1,3,2,2,2
1523,4,4,1,2,1,3,3,2,2,5,1,1
1524,5,1,1,4,3,2,1,1,2,1,2,2
1525,5,5,2,1,1,3,3,2,2,5,1,1
1526,5,2,1,6,1,3,1,1,3,1,2,2
1527,4,4,4,2,2,3,3,2,2,2,1,1
1528,2,2,2,-1,1,3,3,2,2,1,2,2
1529,1,2,6,5,2,1,3,1,1,1,2,2
1530,4,4,1,3,3,3,3,2,1,5,1,1
1531,1,5,2,-1,1,2,2,1,2,2,2,2
1532,5,5,6,6,1,2,2,1,3,2,2,2
1533,1,4,5,4,2,1,2,1,2,2,2,2
1534,1,2,7,-1,2,1,2,1,3,2,2,2
1535,5,5,2,1,1,3,2,2,2,1,1,1
1536,5,4,1,2,1,2,2,1,1,2,1,1
1537,1,3,7,-1,3,1,1,1,1,2,2,2
1538,1,1,3,6,2,1,2,1,3,2,2,2
1539,5,2,2,-1,1,2,2,1,1,2,2,2
1540,2,2,6,1,1,2,3,2,3,5,1,1
1541,2,2,1,1,3,3,3,2,2,5,1,1
1542,3,1,1,2,3,2,2,1,1,2,1,1
1543,4,4,3,2,3,3,3,2,2,5,1,1
1544,5,5,1,4,1,3,2,1,1,2,2,2
1545,3,2,7,2,3,1,2,1,3,2,1,1
1546,1,5,2,-1,1,2,2,1,1,2,2,2
1547,5,5,2,3,1,3,3,2,2,5,1,1
1548,5,5,3,2,1,3,3,2,1,2,1,1
1549,3,2,6,1,2,1,2,1,1,2,1,1
1550,2,4,1,3,1,1,2,1,1,2,1,1
1551,2,2,2,-1,1,3,1,2,2,5,2,2
1552,2,2,2,-1,1,3,3,2,2,1,2,2
1553,5,1,4,4,1,2,2,1,3,1,2,2
1554,4,4,2,1,1,3,3,2,2,5,1,1
1555,2,2,1,2,1,3,3,2,2,1,1,1
1556,1,1,7,3,3,3,3,2,2,5,1,1
1557,5,5,1,-1,1,3,3,2,1,5,2,2
1558,5,5,3,3,1,3,3,2,2,5,1,1
1559,5,3,1,-1,1,2,2,1,3,2,2,2
1560,2,2,3,-1,1,2,3,2,2,5,2,2
1561,1,1,5,2,3,1,3,2,2,5,1,1
1562,1,1,7,6,3,1,2,1,1,2,2,2
1563,4,2,1,3,1,3,2,1,1,2,1,1
1564,1,1,2,6,3,1,2,1,1,2,2,2
1565,4,4,3,3,1,1,3,2,2,5,1,1
1566,4,2,4,2,1,3,2,2,1,2,1,1
1567,1,1,4,2,2,1,3,2,2,5,1,1
1568,4,4,3,2,3,3,2,1,2,5,1,1
1569,5,4,3,-1,1,1,1,2,1,2,2,2
1570,4,4,2,-1,1,3,3,2,2,5,2,2
1571,1,2,4,3,2,1,2,1,3,2,1,1
1572,5,5,3,3,1,2,3,2,2,5,1,1
1573,4,4,3,-1,1,3,3,2,2,5,2,2
1574,5,2,2,2,1,3,2,1,1,2,1,1
1575,4,4,1,-1,2,3,3,2,2,5,2,2
1576,4,4,1,1,1,3,3,1,2,5,1,1
1577,4,2,2,-1,1,1,3,1,1,2,2,2
1578,5,5,2,-1,1,3,3,2,2,5,2,2
1579,5,5,1,4,1,3,2,1,1,2,2,2
1580,3,3,5,6,3,1,2,1,1,2,2,2
1581,2,1,1,3,1,2,2,2,3,2,1,1
1582,2,2,3,6,1,3,2,1,1,2,2,2
1583,3,2,5,2,2,1,2,1,3,2,1,1
1584,3,4,6,1,1,1,2,1,3,2,1,1
1585,4,4,1,3,1,2,3,2,2,5,1,1
1586,1,5,7,2,2,1,2,1,2,2,1,1
1587,2,2,4,2,1,1,3,2,2,5,1,1
1588,1,4,6,-1,2,1,2,1,3,5,2,2
1589,2,2,3,1,1,3,3,2,3,5,1,1
1590,5,2,6,-1,1,2,2,1,3,1,2,2
1591,3,4,1,-1,2,2,2,1,3,1,2,2
1592,1,1,1,2,2,1,3,2,1,5,1,1
1593,5,5,3,2,1,3,3,2,2,5,1,1
1594,3,2,5,2,2,1,2,1,3,2,1,1
1595,5,5,3,-1,1,3,3,2,2,5,2,2
1596,4,4,1,-1,1,3,3,2,2,1,2,2
1597,2,3,2,2,1,3,2,1,3,2,1,1
1598,1,1,7,-1,1,3,3,2,2,5,2,2
1599,4,4,7,4,1,3,2,1,3,2,2,2
1600,2,2,2,-1,1,3,3,2,2,5,2,2
1601,5,5,1,-1,1,2,3,2,2,5,2,2
1602,1,3,2,-1,3,1,2,2,1,2,2,2
1603,4,4,6,-1,3,2,3,2,1,5,2,2
1604,3,4,7,-1,2,1,1,1,3,2,2,2
1605,1,2,2,3,2,1,2,2,3,2,1,1
1606,3,1,7,6,3,1,1,1,2,2,2,2
1607,1,1,4,4,3,1,2,1,1,2,2,2
1608,3,4,6,-1,1,3,2,1,2,1,2,2
1609,1,4,4,1,2,1,2,1,3,2,1,1
1610,2,2,3,-1,1,3,3,2,2,5,2,2
1611,2,2,2,-1,1,3,1,2,3,5,2,2
1612,4,2,6,2,1,3,2,2,1,2,1,1
1613,5,5,6,1,1,1,3,2,1,5,1,1
1614,2,2,3,4,1,3,2,1,2,2,2,2
1615,3,2,5,-1,2,1,2,2,3,2,2,2
1616,5,5,6,3,2,3,3,1,2,5,1,1
1617,4,4,5,4,2,2,2,1,3,2,2,2
1618,1,2,7,-1,2,1,2,1,3,2,2,2
1619,3,2,1,4,1,1,1,1,2,1,2,2
1620,5,4,1,4,1,3,1,1,3,1,2,2
1621,3,3,7,-1,3,1,2,1,2,5,2,2
1622,4,4,2,-1,1,3,3,2,2,5,2,2
1623,3,4,3,1,3,1,2,1,3,2,1,1
1624,2,5,2,2,1,2,2,1,1,2,1,1
1625,4,4,1,2,1,3,3,2,2,5,1,1
1626,3,1,4,2,3,1,2,1,3,5,1,1
1627,2,1,2,2,1,2,2,1,3,1,1,1
1628,1,2,3,-1,2,2,2,1,2,2,2,2
1629,1,4,6,1,2,1,1,1,3,2,1,1
1630,2,2,1,1,1,3,3,2,2,5,1,1
1631,1,1,2,3,2,1,3,2,1,5,1,1
1632,2,5,7,-1,1,3,2,1,1,2,2,2
1633,1,2,2,1,1,1,2,1,2,1,1,1
1634,5,3,3,-1,1,2,2,1,3,2,2,2
1635,1,5,1,1,2,1,2,2,3,2,1,1
1636,5,5,2,1,1,3,3,2,3,2,1,1
1637,5,5,7,3,1,2,3,2,1,5,1,1
1638,5,5,2,2,1,3,3,2,2,5,1,1
1639,5,3,3,2,1,2,2,1,3,2,1,1
1640,1,1,7,1,3,1,1,2,2,5,1,1
1641,2,2,4,1,1,3,3,2,2,5,1,1
1642,2,5,2,3,1,3,1,1,3,2,1,1
1643,5,3,3,-1,1,2,2,2,3,2,2,2
1644,3,3,5,2,3,1,1,2,2,2,1,1
1645,2,2,1,-1,1,3,3,1,2,5,2,2
1646,5,1,5,1,2,1,2,1,2,2,1,1
1647,2,2,1,5,1,2,2,2,1,2,2,2
1648,3,1,2,-1,3,1,2,1,1,2,2,2
1649,3,3,6,-1,3,1,3,2,2,5,2,2
1650,1,5,5,-1,2,1,2,1,3,2,2,2
1651,2,2,2,5,1,3,2,1,1,2,2,2
1652,5,4,1,4,2,3,1,1,1,1,2,2
1653,3,2,6,1,2,2,3,1,3,2,1,1
1654,3,4,3,2,1,1,2,1,2,2,1,1
1655,1,1,7,5,3,1,2,1,1,2,2,2
1656,1,2,5,5,1,1,1,1,2,1,2,2
1657,4,4,3,1,1,3,3,2,1,5,1,1
1658,2,4,2,4,3,3,2,1,3,1,2,2
1659,5,1,1,2,3,2,1,1,3,2,1,1
1660,4,4,2,1,1,3,3,2,2,5,1,1
1661,4,4,1,-1,1,3,3,2,2,5,2,2
1662,3,2,5,4,2,1,1,1,2,1,2,2
1663,1,1,7,-1,3,1,3,2,2,5,2,2
1664,2,2,6,1,1,2,1,2,1,5,1,1
1665,2,2,5,1,1,1,2,2,2,5,1,1
1666,3,3,4,-1,3,1,3,1,2,5,2,2
1667,1,1,6,3,2,1,1,2,1,5,1,1
1668,4,4,2,2,1,3,3,2,2,5,1,1
1669,5,2,1,-1,1,3,2,2,1,2,2,2
1670,2,2,3,5,1,3,2,2,1,2,2,2
1671,4,5,2,-1,1,3,2,1,1,2,2,2
1672,4,4,4,-1,1,3,3,2,2,5,2,2
1673,5,2,2,-1,1,2,2,1,1,2,2,2
1674,2,2,4,6,1,3,2,1,1,2,2,2
1675,2,2,3,-1,1,3,3,2,2,5,2,2
1676,4,4,2,3,1,2,3,2,3,1,1,1
1677,1,1,5,5,3,3,1,1,1,2,2,2
1678,5,2,2,3,1,3,2,1,1,2,1,1
1679,1,1,5,5,2,1,2,1,1,2,2,2
1680,4,4,2,4,1,3,3,1,1,2,2,2
1681,1,1,4,6,3,1,3,1,1,2,2,2
1682,5,5,1,-1,1,3,1,2,2,5,2,2
1683,4,4,2,-1,3,3,3,2,2,5,2,2
1684,2,2,3,2,1,3,3,2,2,5,1,1
1685,1,2,2,4,1,1,2,1,1,1,2,2
1686,4,4,1,2,1,3,3,2,2,5,1,1
1687,3,5,6,1,2,1,2,1,3,2,1,1
1688,5,2,2,6,1,3,1,1,3,1,2,2
1689,4,4,1,2,1,3,3,2,2,5,1,1
1690,1,3,6,3,2,1,2,1,3,2,1,1
1691,1,4,7,-1,2,1,3,1,3,2,2,2
1692,2,2,1,1,3,3,3,2,2,5,1,1
1693,2,2,3,4,1,3,2,1,1,2,2,2
1694,3,1,5,2,3,1,2,1,1,2,1,1
1695,5,2,6,2,1,2,1,1,3,2,1,1
1696,5,3,2,-1,1,2,2,1,3,5,2,2
1697,4,4,1,-1,1,3,3,2,2,5,2,2
1698,5,5,4,-1,1,3,3,2,2,5,2,2
1699,4,2,1,2,1,3,2,1,1,2,1,1
1700,4,5,3,2,1,3,3,1,1,2,1,1
1701,1,4,2,1,2,1,2,1,2,2,1,1
1702,4,4,1,-1,1,3,3,2,2,5,2,2
1703,1,4,1,-1,1,1,2,1,3,5,2,2
1704,1,5,4,1,2,1,2,1,3,2,1,1
1705,4,3,3,1,1,2,1,1,3,5,1,1
1706,1,4,6,2,3,1,2,1,3,5,1,1
1707,2,2,5,3,3,3,3,1,3,5,1,1
1708,2,2,2,3,1,3,3,2,1,5,1,1
1709,5,3,1,-1,1,1,2,1,3,1,2,2
