1,2,2,7,-1,3,1,1,1,1,3,2
2,3,2,5,4,2,2,2,1,2,1,2
3,1,5,4,2,3,1,1,2,3,2,1
4,2,2,1,2,1,1,1,2,1,3,1
5,4,2,6,2,1,2,2,1,2,1,1
6,4,2,4,2,3,2,1,1,2,1,1
7,2,4,7,1,1,2,1,1,1,2,1
8,3,3,5,1,1,1,1,1,3,2,1
9,2,1,6,1,2,2,2,2,1,3,1
10,5,5,7,1,3,1,2,1,3,2,1
11,4,5,6,2,1,2,2,2,2,3,1
12,3,3,3,-1,2,1,1,1,3,3,2
13,3,3,1,6,1,2,1,1,3,2,2
14,2,2,1,5,2,1,2,2,3,1,2
15,1,5,1,1,3,2,2,2,2,1,1
16,2,5,7,1,1,2,2,2,1,3,1
17,3,1,1,3,3,2,2,2,1,2,1
18,4,1,2,2,2,1,2,2,1,3,1
19,4,4,7,2,1,1,1,2,2,1,1
20,4,5,4,1,1,2,1,1,2,3,1
21,5,4,1,1,3,2,1,2,2,3,1
22,3,3,4,4,1,1,1,2,2,2,2
23,1,2,5,-1,3,2,2,1,1,3,2
24,3,5,2,-1,3,2,1,1,3,2,2
25,4,4,6,6,3,1,1,1,2,2,2
26,2,2,7,1,1,1,1,1,1,3,1
27,5,5,7,1,1,2,2,2,3,1,1
28,5,2,2,2,3,2,1,1,3,1,1
29,5,4,7,1,1,2,1,2,2,1,1
30,1,1,7,5,2,2,1,2,3,3,2
31,5,5,2,3,1,1,2,2,2,3,1
32,4,4,1,6,1,1,2,1,1,1,2
33,3,3,2,-1,2,1,1,2,1,2,2
34,1,5,3,2,2,2,1,2,3,1,1
35,1,3,2,1,1,1,1,2,3,1,1
36,1,1,6,2,3,2,1,2,1,3,1
37,3,5,2,4,1,2,1,1,3,2,2
38,1,4,3,5,2,2,1,1,1,3,2
39,1,3,3,3,1,1,2,1,2,2,1
40,4,4,6,-1,3,2,1,1,2,3,2
41,3,4,5,3,1,1,2,2,1,3,1
42,5,3,3,4,2,2,1,2,1,1,2
43,3,3,6,5,2,1,2,1,2,3,2
44,4,4,7,-1,1,1,1,1,1,2,2
45,3,1,6,1,2,2,1,2,2,1,1
46,3,3,7,4,3,2,2,2,2,2,2
47,3,3,7,2,1,1,1,2,2,3,1
48,4,4,5,4,2,2,2,2,2,1,2
49,3,3,6,2,2,1,1,2,2,1,1
50,5,1,7,1,1,2,1,2,2,3,1
51,4,4,1,4,1,1,1,1,3,3,2
52,4,4,5,2,3,1,2,2,1,2,1
53,3,4,4,2,2,2,1,1,2,3,1
54,1,2,6,1,1,2,2,2,1,1,1
55,2,5,6,1,1,2,2,2,1,2,1
56,5,5,2,2,3,1,1,1,3,3,1
57,3,3,2,2,1,1,2,1,1,2,1
58,5,5,5,1,1,1,2,1,1,1,1
59,4,4,6,1,3,1,2,1,2,3,1
60,5,5,4,1,1,1,2,1,3,2,1
61,4,4,1,3,3,1,1,2,3,2,1
62,4,4,5,3,1,2,2,1,1,3,1
63,5,5,4,3,3,2,1,2,2,3,1
64,1,2,1,2,3,1,1,2,3,1,1
65,2,4,7,2,1,2,1,1,1,2,1
66,1,2,5,6,2,2,2,2,2,1,2
67,2,2,6,-1,2,2,2,2,1,1,2
68,4,4,1,2,1,1,2,1,2,2,1
69,5,5,5,1,2,2,2,1,1,3,1
70,2,2,7,-1,1,1,1,1,1,2,2
71,2,1,6,4,3,2,2,1,1,1,2
72,4,4,5,2,2,1,2,1,3,3,1
73,1,5,7,2,1,2,1,1,3,1,1
74,2,2,4,-1,3,2,2,2,3,2,2
75,3,5,2,2,3,2,2,1,3,2,1
76,3,4,3,4,1,2,1,2,1,2,2
77,3,2,5,2,1,2,2,1,1,2,1
78,2,4,7,1,1,2,1,1,1,3,1
79,2,2,4,3,1,1,2,1,2,1,1
80,1,1,4,1,3,2,2,1,2,3,1
81,5,5,6,4,2,1,2,2,3,3,2
82,3,1,2,-1,3,2,1,2,3,2,2
83,2,2,5,2,1,2,2,2,3,2,1
84,3,3,1,5,2,1,2,2,2,2,2
85,2,1,5,-1,1,2,1,2,3,1,2
86,3,3,1,3,2,1,1,2,3,2,1
87,4,3,2,2,2,2,1,1,2,2,1
88,2,2,2,1,2,1,1,1,3,1,1
89,5,5,7,-1,3,2,1,2,3,3,2
90,1,5,6,1,1,2,2,1,1,1,1
91,4,4,5,3,2,1,1,1,3,1,1
92,2,4,4,1,2,2,2,2,1,1,1
93,3,3,1,1,1,1,2,2,3,2,1
94,2,5,5,-1,3,1,1,2,1,2,2
95,3,1,7,3,2,1,1,1,1,3,1
96,3,1,2,6,1,1,2,1,1,2,2
97,4,4,2,1,1,1,2,2,1,2,1
98,1,1,5,1,3,2,2,2,3,1,1
99,2,2,5,3,1,2,1,1,3,3,1
100,2,1,6,-1,3,2,1,1,1,2,2
101,4,4,1,4,2,1,1,1,1,2,2
102,4,4,7,5,2,1,1,1,2,1,2
103,5,5,7,2,2,1,1,2,3,1,1
104,4,4,1,1,3,1,1,2,2,2,1
105,5,5,7,2,1,2,1,1,3,1,1
106,2,2,7,-1,3,1,1,1,2,3,2
107,4,4,5,2,1,2,2,2,2,2,1
108,4,4,2,2,1,1,1,2,2,2,1
109,1,2,4,-1,3,2,2,1,1,3,2
110,2,2,1,4,2,1,2,1,3,1,2
111,3,3,2,-1,2,2,1,2,3,2,2
112,5,5,2,5,3,1,2,1,3,3,2
113,1,1,6,1,1,1,2,1,1,1,1
114,4,3,7,1,1,2,1,2,2,1,1
115,1,1,4,2,1,1,2,2,1,2,1
116,2,1,5,2,2,2,1,1,3,3,1
117,2,2,5,5,3,1,1,1,2,2,2
118,5,5,1,2,1,1,1,2,3,3,1
119,2,5,7,2,1,2,2,2,1,2,1
120,1,5,6,1,3,2,1,1,1,3,1
121,2,2,7,1,3,1,2,2,1,3,1
122,1,1,5,1,3,2,1,2,3,2,1
123,4,4,5,2,3,2,2,2,1,2,1
124,2,4,4,2,1,2,2,2,2,2,1
125,3,3,5,2,1,1,1,2,3,2,1
126,2,4,6,-1,3,2,2,1,1,1,2
127,1,4,6,-1,3,2,2,2,1,3,2
128,2,4,7,1,1,2,1,1,3,1,1
129,1,3,2,2,2,1,2,1,3,1,1
130,5,5,7,3,3,1,2,1,3,3,1
131,1,3,3,2,2,2,1,1,3,3,1
132,5,5,3,6,3,1,2,1,2,1,2
133,3,3,2,-1,3,2,2,2,1,2,2
134,4,4,7,2,1,1,1,1,2,3,1
135,2,2,5,1,2,1,2,1,1,3,1
136,2,2,4,-1,3,1,2,2,2,3,2
137,2,2,5,1,2,1,1,2,1,3,1
138,4,4,3,2,1,1,2,2,1,1,1
139,4,4,1,2,2,1,1,2,1,1,1
140,2,2,7,4,1,1,2,2,1,1,2
141,5,5,1,1,1,2,1,2,2,3,1
142,2,2,7,3,1,1,1,1,1,2,1
143,1,4,5,3,2,2,2,2,1,2,1
144,5,5,7,1,2,2,2,1,3,3,1
145,4,4,2,3,2,1,1,2,2,2,1
146,3,3,5,6,1,1,1,1,2,2,2
147,5,5,1,-1,3,1,1,2,3,3,2
148,4,2,1,2,3,2,2,2,1,2,1
149,5,5,6,2,1,1,2,1,3,3,1
150,4,1,1,3,1,2,1,1,1,2,1
151,1,1,1,5,2,1,2,2,3,1,2
152,5,4,5,2,2,1,1,2,2,1,1
153,4,4,1,1,1,1,1,1,3,2,1
154,3,2,5,1,1,1,2,1,3,2,1
155,3,3,5,3,1,1,1,2,2,3,1
156,3,3,2,1,2,1,1,1,3,2,1
157,4,4,6,2,1,1,1,2,2,3,1
158,4,4,2,3,2,1,1,1,3,1,1
159,2,4,5,2,1,2,2,2,3,2,1
160,2,3,3,3,3,2,1,2,3,3,1
161,4,4,1,-1,1,1,1,1,3,2,2
162,5,5,6,2,3,1,1,2,3,3,1
163,1,1,5,2,1,1,2,1,3,2,1
164,5,5,6,1,1,2,1,2,3,3,1
165,4,4,2,4,2,2,2,1,3,1,2
166,2,2,5,5,2,1,1,2,1,2,2
167,5,5,6,3,3,2,2,2,3,3,1
168,4,4,3,2,3,1,1,1,1,3,1
169,4,4,6,2,1,2,1,2,2,3,1
170,3,3,3,2,1,1,1,2,1,2,1
171,4,4,5,-1,2,2,1,1,3,1,2
172,4,4,1,-1,3,1,1,2,3,2,2
173,4,4,4,4,2,2,1,1,1,1,2
174,2,1,3,1,1,2,1,2,2,2,1
175,1,5,4,-1,3,1,2,2,2,3,2
176,4,4,1,1,2,1,1,1,2,3,1
177,2,4,3,-1,3,1,2,2,1,1,2
178,3,3,1,1,1,1,1,2,2,2,1
179,3,4,3,-1,3,2,1,1,1,3,2
180,5,5,3,1,3,1,2,1,1,3,1
181,3,3,4,1,3,1,2,2,3,1,1
182,2,2,2,2,1,1,2,1,3,1,1
183,2,1,7,2,3,2,2,1,1,3,1
184,3,3,1,1,1,1,2,1,1,3,1
185,3,3,5,-1,1,1,1,1,1,3,2
186,4,3,7,4,2,1,1,2,3,3,2
187,2,5,4,2,2,2,2,1,1,2,1
188,4,4,1,2,1,1,2,1,3,3,1
189,4,2,1,4,3,2,2,2,3,1,2
190,1,2,6,2,1,2,1,1,3,3,1
191,3,5,2,1,2,2,1,2,2,3,1
192,1,2,4,1,1,2,1,1,1,1,1
193,3,1,3,3,2,1,1,1,1,3,1
194,2,2,2,3,2,1,2,2,3,3,1
195,4,4,2,-1,3,1,1,2,1,2,2
196,1,3,6,-1,2,1,1,2,1,1,2
197,3,3,6,-1,2,2,1,2,2,2,2
198,3,3,5,2,3,1,1,1,2,1,1
199,1,1,3,2,3,1,2,1,3,3,1
200,2,1,4,1,1,2,2,1,3,1,1
201,1,1,2,-1,3,2,1,1,1,1,2
202,2,1,6,1,2,2,2,2,2,1,1
203,5,5,7,1,1,1,2,1,3,1,1
204,2,5,3,2,2,1,2,1,3,3,1
205,4,4,1,1,1,2,2,2,2,2,1
206,4,4,1,3,3,2,1,1,3,1,1
207,1,1,6,1,1,1,1,2,1,3,1
208,1,4,7,1,3,2,2,2,1,1,1
209,5,1,2,1,2,2,2,2,2,3,1
210,3,5,7,-1,3,2,2,2,2,1,2
211,1,4,6,-1,1,2,2,1,1,2,2
212,3,3,6,4,1,1,1,1,2,3,2
213,4,2,1,2,1,2,1,2,3,2,1
214,5,3,7,1,2,2,1,1,3,2,1
215,5,5,4,-1,3,1,2,2,2,3,2
216,5,4,3,2,1,2,2,2,2,1,1
217,5,5,1,5,2,1,1,2,3,2,2
218,2,3,1,4,3,2,1,1,1,1,2
219,5,5,4,2,2,1,1,1,3,3,1
220,5,5,2,2,1,1,1,2,2,1,1
221,5,5,6,1,2,2,1,1,3,2,1
222,2,5,5,2,1,2,1,1,2,2,1
223,3,4,4,4,2,2,1,2,3,1,2
224,5,5,7,1,2,1,2,2,3,3,1
225,5,5,7,-1,3,2,1,2,2,3,2
226,2,4,6,-1,2,2,1,2,1,3,2
227,1,4,4,4,1,2,1,1,3,1,2
228,1,3,6,1,1,2,1,1,1,2,1
229,3,3,5,1,2,1,2,1,2,2,1
230,4,4,5,6,2,1,1,1,2,3,2
231,4,4,2,1,3,2,1,2,2,2,1
232,3,3,4,1,2,1,1,1,2,2,1
233,5,5,1,4,2,1,1,2,2,3,2
234,4,4,6,1,2,1,1,2,2,3,1
235,3,4,1,2,1,1,1,2,1,2,1
236,2,4,4,2,3,2,2,1,1,3,1
237,1,4,5,1,1,2,2,1,1,3,1
238,2,2,4,1,2,1,1,1,2,1,1
239,4,4,2,1,2,1,1,1,2,2,1
240,1,1,5,-1,2,1,2,1,2,1,2
241,3,3,5,-1,2,2,1,2,1,2,2
242,5,2,5,-1,2,2,1,2,3,3,2
243,3,3,7,3,1,1,2,1,2,2,1
244,1,1,5,3,2,1,1,2,1,1,1
245,1,2,3,-1,1,2,1,2,3,2,2
246,5,5,6,2,1,2,2,1,3,1,1
247,2,3,1,2,3,2,1,2,1,1,1
248,4,4,7,-1,1,2,2,2,2,3,2
249,1,4,7,4,1,1,2,2,1,3,2
250,2,2,7,1,3,2,1,2,1,1,1
251,5,5,2,-1,3,2,1,1,3,3,2
252,2,3,3,4,3,2,2,1,2,3,2
253,5,1,4,1,1,2,1,2,3,3,1
254,3,3,3,1,3,2,1,1,3,3,1
255,1,1,3,2,3,2,2,1,2,2,1
256,4,4,1,2,1,2,2,1,1,2,1
257,1,4,4,1,3,2,1,1,1,3,1
258,2,2,5,-1,3,2,2,1,2,1,2
259,5,2,3,-1,3,2,1,2,3,3,2
260,3,3,5,-1,3,1,1,1,3,2,2
261,5,5,6,2,2,1,1,2,3,2,1
262,3,1,7,2,1,2,1,1,2,3,1
263,2,2,2,4,2,1,1,1,1,1,2
264,2,2,4,3,1,1,1,1,3,2,1
265,5,2,2,1,1,2,1,1,1,3,1
266,1,1,4,3,2,1,2,1,3,1,1
267,5,5,1,-1,3,2,2,2,1,3,2
268,5,4,4,1,3,2,2,2,3,3,1
269,3,4,4,5,3,2,1,1,3,2,2
270,2,1,2,1,2,1,1,2,3,1,1
271,1,1,2,2,3,2,1,2,2,1,1
272,2,3,2,3,1,2,1,1,2,2,1
273,5,5,5,6,1,1,1,1,1,3,2
274,1,2,5,4,2,2,2,2,1,2,2
275,3,3,2,4,2,2,2,2,2,3,2
276,2,1,2,6,2,2,2,2,3,1,2
277,5,5,7,1,1,2,2,1,3,2,1
278,5,5,3,6,3,1,2,1,2,1,2
279,5,1,6,2,1,2,1,1,3,1,1
280,5,5,7,3,1,2,1,1,3,3,1
281,4,4,2,1,2,1,2,1,3,2,1
282,1,2,5,-1,1,2,1,1,3,3,2
283,4,4,7,1,1,2,2,1,2,1,1
284,4,4,5,-1,2,1,2,2,1,3,2
285,1,5,4,1,1,2,1,2,2,2,1
286,1,5,2,5,2,2,1,2,2,2,2
287,4,4,3,3,1,1,2,1,2,3,1
288,5,5,3,4,2,1,2,2,2,2,2
289,2,3,6,3,1,1,1,1,1,1,1
290,5,5,1,-1,3,1,1,2,1,3,2
291,2,2,6,5,1,1,1,1,2,1,2
292,5,5,3,5,1,1,2,2,1,1,2
293,5,2,7,3,2,2,1,1,1,3,1
294,5,4,5,3,2,2,1,2,2,3,1
295,1,1,7,2,1,1,2,1,3,1,1
296,1,1,6,1,1,1,1,2,1,3,1
297,4,4,7,-1,1,1,2,2,2,2,2
298,3,5,5,4,1,2,1,1,1,3,2
299,2,4,6,5,2,2,2,2,1,1,2
300,2,5,3,1,3,2,1,2,2,1,1
301,3,4,1,2,1,2,2,1,1,2,1
302,1,1,3,-1,3,2,2,2,1,3,2
303,1,5,7,3,1,2,1,1,1,2,1
304,3,3,6,3,3,1,2,1,2,2,1
305,3,2,1,1,1,2,1,1,3,2,1
306,4,4,2,-1,2,2,1,2,1,3,2
307,2,2,2,6,1,2,1,2,1,3,2
308,2,5,6,-1,3,2,2,1,1,3,2
309,5,5,4,1,1,2,2,1,1,1,1
310,2,5,7,1,1,2,2,2,1,1,1
311,4,4,2,-1,3,1,1,2,1,3,2
312,2,4,6,3,2,2,2,1,1,2,1
313,5,5,6,1,1,1,1,1,1,2,1
314,2,5,2,3,1,2,2,2,2,1,1
315,4,4,3,2,1,1,2,1,2,2,1
316,4,4,4,-1,1,1,1,2,2,3,2
317,2,2,5,1,1,1,2,2,1,3,1
318,1,4,2,2,2,1,1,2,2,1,1
319,3,5,7,2,3,2,1,2,2,2,1
320,2,2,7,-1,2,1,2,1,1,1,2
321,5,4,1,2,3,2,1,1,3,3,1
322,3,3,4,1,2,1,2,1,3,1,1
323,5,5,2,2,1,1,2,1,3,3,1
324,4,4,1,1,2,2,2,2,3,2,1
325,5,5,1,1,3,2,2,2,2,3,1
326,1,5,7,2,2,2,1,2,2,2,1
327,4,4,1,1,2,1,1,1,2,1,1
328,4,2,7,2,2,2,1,2,2,3,1
329,5,5,5,3,1,1,1,1,2,2,1
330,3,3,5,3,2,1,1,1,1,3,1
331,5,1,6,4,1,2,2,1,3,2,2
332,4,4,7,1,1,1,1,1,3,2,1
333,3,1,3,-1,3,2,2,1,1,1,2
334,2,2,1,6,1,1,1,1,1,1,2
335,4,4,3,2,1,2,1,2,2,1,1
336,2,2,7,4,2,1,2,1,1,3,2
337,2,2,6,1,3,1,2,1,1,1,1
338,4,4,5,1,1,1,2,1,3,3,1
339,3,3,2,1,1,2,2,1,1,2,1
340,1,2,7,2,2,1,1,1,1,3,1
341,2,5,2,5,3,2,1,1,1,1,2
342,1,5,6,3,1,2,2,2,2,2,1
343,1,1,6,3,2,1,1,1,1,1,1
344,2,2,6,4,2,1,2,1,2,2,2
345,3,3,5,4,2,2,1,1,1,2,2
346,2,1,6,-1,3,2,1,1,2,1,2
347,3,2,1,1,1,2,1,2,1,1,1
348,4,4,6,2,3,2,1,1,2,1,1
349,3,3,5,1,2,2,1,1,2,3,1
350,1,3,3,1,1,2,2,2,3,2,1
351,5,5,2,2,2,1,1,1,2,3,1
352,5,5,2,1,1,1,1,2,3,3,1
353,1,3,6,1,1,2,2,2,1,2,1
354,1,4,4,2,3,2,2,1,3,2,1
355,4,4,6,1,1,1,1,1,2,3,1
356,3,3,3,1,3,1,2,2,1,2,1
357,1,2,4,2,1,2,2,2,3,1,1
358,1,3,5,3,2,2,2,2,1,1,1
359,5,5,1,-1,3,1,1,2,1,1,2
360,2,2,4,2,2,1,2,1,1,3,1
361,3,3,3,1,1,2,2,1,1,3,1
362,1,4,4,-1,2,2,2,1,3,2,2
363,4,4,1,3,3,1,1,2,1,2,1
364,1,4,3,1,1,2,2,1,3,1,1
365,5,2,3,1,3,2,1,2,3,1,1
366,5,5,3,2,3,2,2,1,2,3,1
367,1,1,7,6,2,2,1,2,1,3,2
368,5,5,6,4,3,1,1,2,3,1,2
369,2,2,7,-1,2,1,1,2,1,2,2
370,4,4,1,1,2,1,1,2,1,2,1
371,3,2,3,1,2,2,1,1,3,2,1
372,5,4,5,1,3,2,1,1,3,1,1
373,2,2,6,4,3,1,1,1,1,1,2
374,5,4,4,1,1,2,2,1,2,2,1
375,2,1,4,1,3,2,1,2,2,3,1
376,5,3,2,1,1,1,1,2,3,3,1
377,5,1,3,1,3,2,2,2,3,1,1
378,2,2,5,1,3,1,1,2,1,3,1
379,2,2,1,2,2,2,1,1,2,1,1
380,2,5,4,4,3,1,1,2,1,1,2
381,2,4,4,-1,3,2,2,1,1,3,2
382,2,4,3,1,2,2,2,2,2,1,1
383,3,3,2,2,1,1,2,2,3,2,1
384,1,3,1,2,1,2,1,1,3,1,1
385,2,5,2,1,2,2,2,1,1,1,1
386,5,5,5,-1,3,2,1,2,1,3,2
387,4,4,1,2,1,1,2,1,2,2,1
388,2,4,6,3,3,2,1,1,1,2,1
389,1,1,4,1,1,1,1,1,3,1,1
390,4,4,6,6,1,1,1,1,3,3,2
391,4,4,3,1,2,2,2,1,1,2,1
392,1,4,6,1,3,2,1,1,1,1,1
393,5,5,6,1,1,2,2,2,2,2,1
394,5,5,4,4,1,1,2,2,2,3,2
395,5,2,2,3,1,2,1,1,1,2,1
396,2,5,1,1,1,1,1,2,2,1,1
397,5,5,1,1,3,2,2,1,3,3,1
398,3,3,1,2,1,2,1,2,3,2,1
399,1,4,5,2,2,2,1,1,1,2,1
400,4,5,5,3,2,1,2,1,1,3,1
401,1,4,6,1,1,2,1,2,1,2,1
402,4,4,4,1,1,1,1,1,2,1,1
403,5,4,2,2,1,1,1,1,3,3,1
404,1,2,3,1,2,2,1,2,3,1,1
405,1,3,1,4,2,2,1,2,1,1,2
406,1,1,6,3,2,2,1,1,1,1,1
407,3,3,1,5,2,2,2,2,2,2,2
408,1,2,7,2,3,1,2,1,1,3,1
409,4,5,5,3,2,1,2,1,3,2,1
410,4,4,3,2,3,1,1,1,1,1,1
411,1,1,7,3,1,1,1,2,2,3,1
412,2,4,6,2,3,1,1,1,2,2,1
413,5,5,4,5,1,1,1,2,1,2,2
414,1,2,5,1,1,2,1,1,1,1,1
415,4,4,1,2,2,1,2,2,2,2,1
416,3,3,7,3,2,2,1,1,1,3,1
417,4,4,6,1,1,1,2,1,2,3,1
418,1,1,5,-1,3,1,1,1,1,3,2
419,5,5,3,1,1,1,1,2,2,3,1
420,2,3,7,1,3,2,1,1,1,1,1
421,2,3,6,1,3,2,2,2,1,3,1
422,3,2,5,2,3,2,1,1,1,3,1
423,1,1,7,4,2,2,2,2,1,3,2
424,4,1,2,1,2,2,1,1,1,2,1
425,4,4,7,6,3,2,1,2,2,3,2
426,4,2,5,3,3,2,2,2,3,2,1
427,3,3,4,1,2,1,2,2,1,1,1
428,5,5,7,2,3,2,2,2,3,3,1
429,5,5,1,2,3,1,1,2,3,2,1
430,4,4,2,2,2,1,2,2,2,2,1
431,5,5,4,2,3,1,2,2,2,3,1
432,4,4,2,2,1,2,1,1,1,2,1
433,5,5,2,-1,3,2,2,2,1,3,2
434,3,3,3,2,1,1,1,2,2,1,1
435,2,3,1,1,3,2,1,2,2,1,1
436,1,1,5,-1,2,2,1,2,1,3,2
437,4,4,3,4,2,2,2,1,3,2,2
438,5,5,5,2,1,2,1,1,2,1,1
439,1,3,3,6,3,2,1,2,3,3,2
440,4,4,2,3,3,1,2,1,3,2,1
441,1,2,6,2,1,1,1,1,1,3,1
442,2,4,7,4,2,1,2,2,3,1,2
443,5,3,3,4,2,2,1,2,2,1,2
444,4,5,2,3,3,2,2,2,2,2,1
445,3,3,3,1,2,2,1,1,2,3,1
446,1,1,6,-1,1,2,1,1,1,2,2
447,5,2,3,-1,3,2,1,2,1,3,2
448,4,4,2,2,1,1,1,1,3,2,1
449,1,1,4,5,1,1,2,1,3,1,2
450,1,1,7,2,1,2,1,1,1,1,1
451,4,4,2,3,1,1,1,2,2,2,1
452,2,1,7,-1,2,2,1,1,1,1,2
453,1,3,4,2,3,2,1,2,3,1,1
454,2,5,1,-1,2,2,1,2,3,3,2
455,4,1,2,-1,3,2,2,1,2,2,2
456,5,5,6,2,2,2,2,1,3,3,1
457,5,2,6,2,2,2,1,2,2,1,1
458,2,3,6,1,1,2,1,1,1,2,1
459,1,2,7,1,2,1,1,1,2,1,1
460,4,4,2,2,3,1,2,2,2,3,1
461,3,3,5,1,3,2,1,2,2,1,1
462,2,4,3,4,1,1,2,2,3,3,2
463,2,3,6,4,3,2,2,1,1,3,2
464,3,3,4,4,1,1,1,2,1,3,2
465,5,5,1,2,1,1,2,1,2,2,1
466,4,4,5,-1,1,1,2,2,2,1,2
467,1,4,5,1,2,1,2,1,3,1,1
468,3,3,4,3,1,1,1,1,2,1,1
469,3,3,2,5,2,1,1,2,2,2,2
470,1,1,5,2,2,2,2,2,2,1,1
471,1,5,4,2,2,2,1,2,1,1,1
472,4,4,4,3,2,1,1,1,2,1,1
473,3,3,1,1,3,2,1,2,1,2,1
474,4,5,5,6,2,1,1,1,1,3,2
475,2,1,6,-1,1,2,1,2,1,3,2
476,2,2,4,2,3,1,1,1,3,3,1
477,5,5,6,5,2,2,2,2,3,3,2
478,5,5,7,-1,2,1,1,1,3,2,2
479,1,4,5,2,1,2,1,2,2,1,1
480,3,5,2,2,1,2,1,2,1,2,1
481,1,2,5,3,3,2,1,1,1,2,1
482,3,1,3,-1,1,2,2,2,2,2,2
483,2,2,2,-1,3,1,1,1,1,3,2
484,4,4,2,1,1,1,2,2,1,1,1
485,5,5,5,2,1,2,1,2,2,2,1
486,3,3,4,1,1,1,2,1,1,3,1
487,5,5,4,1,1,1,2,1,3,3,1
488,3,3,2,1,1,1,1,1,2,3,1
489,3,4,2,1,1,2,1,1,1,1,1
490,3,3,1,-1,1,1,2,1,1,3,2
491,3,3,3,1,1,1,1,1,3,1,1
492,2,3,7,-1,3,2,2,1,3,3,2
493,1,4,4,3,1,2,1,1,3,3,1
494,1,4,4,3,1,2,1,1,3,3,1
495,2,4,5,3,1,1,1,1,1,3,1
496,4,4,7,1,3,1,1,2,2,2,1
497,5,1,3,2,1,2,1,2,3,2,1
498,2,1,6,2,2,1,2,1,1,2,1
499,2,2,5,1,3,1,1,2,2,3,1
500,2,1,4,1,3,1,1,1,1,3,1
501,1,1,5,3,2,1,1,2,2,2,1
502,2,3,4,3,1,2,1,1,3,2,1
503,3,3,2,1,1,1,2,1,1,2,1
504,5,5,4,-1,1,1,2,2,2,2,2
505,3,3,4,1,1,2,1,1,1,1,1
506,2,2,4,2,3,1,2,1,3,1,1
507,5,5,2,3,3,1,1,2,3,3,1
508,3,3,1,2,1,2,1,2,2,3,1
509,5,5,4,1,3,2,1,2,2,2,1
510,5,5,5,2,2,2,2,1,3,1,1
511,3,2,1,1,1,2,2,1,3,3,1
512,2,1,2,6,3,2,1,1,1,1,2
513,4,1,2,3,1,2,2,1,1,2,1
514,4,2,1,3,2,2,2,2,1,1,1
515,1,2,4,1,2,2,1,2,2,2,1
516,5,2,4,1,1,2,1,2,1,3,1
517,1,2,2,3,1,2,2,2,2,3,1
518,3,3,3,2,1,1,2,2,3,1,1
519,2,2,5,1,1,2,2,2,3,1,1
520,1,5,1,2,1,2,2,2,2,1,1
521,1,1,6,4,1,1,2,2,1,2,2
522,3,3,6,3,3,1,2,2,2,3,1
523,2,1,1,1,1,1,1,1,1,3,1
524,2,2,4,1,2,2,2,2,3,1,1
525,4,4,2,5,3,1,2,1,1,2,2
526,1,4,3,3,1,2,2,2,3,2,1
527,1,1,3,1,3,1,2,2,1,1,1
528,5,5,4,1,2,2,1,2,1,1,1
529,4,4,5,2,1,2,2,2,1,3,1
530,1,1,7,-1,3,2,2,2,1,1,2
531,5,5,1,3,1,1,2,1,1,3,1
532,2,2,6,2,1,1,2,1,2,2,1
533,4,4,6,5,1,2,1,1,2,1,2
534,5,5,5,4,2,2,2,2,3,2,2
535,3,2,7,1,2,2,1,2,3,3,1
536,4,4,6,3,1,1,2,1,3,3,1
537,5,5,3,3,1,2,1,1,1,2,1
538,1,1,7,1,1,1,1,2,1,3,1
539,3,2,2,1,2,2,1,2,2,1,1
540,3,3,6,1,2,2,2,2,2,2,1
541,3,3,3,5,3,1,1,2,1,2,2
542,1,1,4,1,2,1,1,1,3,2,1
543,2,5,7,-1,2,2,2,2,1,3,2
544,4,4,6,6,1,1,2,2,1,2,2
545,4,4,4,3,1,2,2,2,3,2,1
546,3,3,2,1,3,1,2,2,1,2,1
547,2,4,5,4,2,2,1,2,1,3,2
548,2,4,2,2,1,2,2,1,3,1,1
549,2,2,5,2,1,1,1,1,2,1,1
550,4,4,3,3,1,1,2,1,1,1,1
551,1,3,6,4,3,2,1,2,3,1,2
552,2,2,7,1,3,1,2,1,1,3,1
553,1,1,2,2,3,2,2,1,1,1,1
554,2,2,6,2,1,1,1,2,1,2,1
555,3,3,1,-1,3,1,2,1,1,2,2
556,2,5,1,2,3,2,2,1,3,3,1
557,2,2,1,-1,1,1,1,2,3,1,2
558,2,2,6,-1,3,2,2,2,1,3,2
559,4,4,2,2,1,1,2,2,1,2,1
560,3,3,4,4,2,1,2,2,3,1,2
561,4,4,2,3,1,1,1,1,3,3,1
562,3,2,2,2,1,1,1,1,2,2,1
563,3,3,3,5,2,2,2,1,3,3,2
564,1,4,6,3,2,2,1,1,1,1,1
565,5,4,5,3,3,2,1,2,1,3,1
566,3,3,7,2,1,1,2,1,2,1,1
567,3,3,2,3,1,2,2,1,3,2,1
568,1,1,7,1,1,1,1,1,1,2,1
569,4,4,2,-1,3,1,1,2,3,2,2
570,4,4,1,2,3,1,1,2,2,2,1
571,5,1,4,2,1,2,2,2,2,1,1
572,4,4,6,-1,1,2,1,1,2,2,2
573,3,3,3,1,3,1,1,1,1,3,1
574,3,3,3,4,2,1,1,1,2,1,2
575,1,1,1,3,2,2,2,2,3,1,1
576,2,2,2,2,1,1,2,2,3,1,1
577,5,5,2,1,1,1,1,1,2,3,1
578,1,3,3,4,3,2,1,1,2,2,2
579,5,5,3,1,1,1,1,1,1,3,1
580,4,4,1,-1,2,1,1,1,1,2,2
581,4,1,2,6,2,2,1,2,3,2,2
582,1,2,7,3,1,2,1,2,1,1,1
583,4,5,5,1,1,2,2,2,1,1,1
584,2,1,5,-1,1,2,1,1,2,1,2
585,1,4,5,1,2,2,2,1,2,1,1
586,4,4,7,4,1,1,1,1,2,1,2
587,3,3,6,2,2,2,2,1,2,3,1
588,3,3,5,5,2,1,1,2,3,3,2
589,1,1,7,3,1,2,1,2,1,1,1
590,5,2,3,5,3,2,2,1,3,2,2
591,1,5,6,1,2,2,1,1,3,3,1
592,2,3,7,3,1,2,1,2,1,2,1
593,4,4,3,1,2,1,2,1,3,3,1
594,3,3,7,4,3,1,1,1,2,3,2
595,3,3,2,3,1,2,1,2,2,2,1
596,1,5,7,-1,1,2,1,2,1,1,2
597,1,4,7,4,2,2,1,1,1,2,2
598,1,3,1,2,1,2,1,1,1,2,1
599,3,4,5,-1,1,1,2,1,3,2,2
600,5,5,1,-1,3,1,2,2,1,3,2
601,2,4,6,1,1,2,2,2,1,1,1
602,5,5,3,-1,2,1,1,2,1,2,2
603,3,3,4,1,1,1,1,2,1,1,1
604,3,4,6,4,1,2,1,1,2,2,2
605,1,1,7,3,1,1,2,2,1,2,1
606,1,3,6,3,1,2,2,1,2,3,1
607,5,4,2,1,1,2,1,1,1,2,1
608,3,1,2,6,3,2,2,1,3,2,2
609,2,3,5,3,3,2,1,2,3,1,1
610,5,5,4,4,2,1,2,2,1,3,2
611,5,5,2,2,2,1,1,2,1,3,1
612,2,2,6,4,1,1,2,2,1,1,2
613,4,4,6,1,3,1,2,2,2,2,1
614,4,4,6,1,3,1,2,1,2,2,1
615,5,5,1,1,1,1,2,1,2,3,1
616,4,4,2,2,2,1,2,1,3,2,1
617,3,2,4,-1,2,2,1,1,3,1,2
618,5,1,4,3,1,2,1,1,3,2,1
619,4,4,6,4,2,1,2,1,2,3,2
620,5,4,4,2,2,2,1,2,2,1,1
621,1,5,4,3,1,2,1,1,2,1,1
622,5,5,4,-1,1,1,2,2,2,3,2
623,5,5,7,-1,3,2,2,1,2,2,2
624,1,5,4,2,1,1,1,1,1,2,1
625,3,2,1,1,3,2,1,2,3,2,1
626,2,1,6,1,3,2,2,1,1,1,1
627,2,4,2,1,2,2,1,1,2,1,1
628,1,3,7,4,1,2,2,2,2,2,2
629,5,5,5,1,2,1,1,1,3,2,1
630,4,4,1,2,1,2,2,1,1,2,1
631,3,3,2,1,1,1,2,1,3,2,1
632,4,4,1,1,1,1,2,1,2,2,1
633,5,5,6,2,1,1,2,2,3,1,1
634,2,2,5,1,1,1,2,2,1,2,1
635,2,2,5,-1,2,2,1,1,1,3,2
636,3,4,5,1,1,2,1,2,3,1,1
637,1,1,2,-1,2,2,1,2,1,1,2
638,2,2,2,-1,2,1,1,1,3,1,2
639,1,2,3,-1,3,1,2,2,1,3,2
640,4,2,6,-1,2,1,2,2,2,1,2
641,1,2,6,3,1,2,1,2,1,2,1
642,1,4,6,-1,1,2,1,1,2,2,2
643,2,4,5,-1,2,2,2,1,1,3,2
644,4,3,3,2,1,2,1,2,2,3,1
645,3,5,1,2,1,2,2,1,2,2,1
646,4,4,1,3,2,1,1,1,2,2,1
647,1,2,2,4,2,2,1,2,2,3,2
648,4,4,3,2,1,1,1,1,3,3,1
649,3,4,1,1,1,2,2,1,1,1,1
650,1,1,3,-1,3,1,1,2,3,1,2
651,1,2,3,2,1,1,2,2,3,3,1
652,2,5,4,2,1,2,1,2,3,2,1
653,3,3,3,-1,1,1,1,2,3,3,2
654,1,5,4,2,2,2,2,1,1,2,1
655,3,3,6,-1,3,1,2,2,2,3,2
656,2,3,4,1,1,2,2,2,2,2,1
657,1,4,1,1,2,1,1,2,2,1,1
658,1,5,5,2,1,2,1,2,2,2,1
659,5,5,7,2,1,2,2,1,3,3,1
660,2,5,3,6,2,2,2,1,1,2,2
661,5,5,2,2,2,1,1,2,2,3,1
662,4,4,3,3,2,2,1,2,2,3,1
663,4,4,4,-1,3,1,1,1,1,1,2
664,4,4,4,-1,2,1,1,2,1,3,2
665,3,3,4,3,3,1,1,2,1,1,1
666,5,2,4,2,3,2,1,2,2,1,1
667,3,3,7,3,3,1,1,2,2,2,1
668,5,2,3,3,1,2,1,1,2,2,1
669,4,2,1,1,1,2,1,1,3,2,1
670,1,5,6,1,1,1,2,1,1,2,1
671,1,4,4,2,1,2,2,2,1,1,1
672,3,5,7,-1,3,1,2,2,2,2,2
673,2,5,3,5,3,1,2,2,2,1,2
674,5,1,2,-1,3,2,2,1,2,3,2
675,2,5,1,-1,2,2,2,1,1,1,2
676,3,3,3,1,1,1,2,1,1,3,1
677,5,4,4,4,2,2,1,1,2,3,2
678,4,4,5,3,1,1,2,2,2,1,1
679,4,4,1,-1,3,1,1,1,1,2,2
680,4,4,5,3,3,2,1,1,1,1,1
681,5,5,5,3,3,1,1,1,3,3,1
682,1,4,2,2,1,2,2,2,3,1,1
683,5,5,2,2,1,1,2,2,3,2,1
684,3,3,4,5,1,1,2,2,2,1,2
685,3,3,2,-1,1,1,1,1,2,2,2
686,5,4,4,3,2,1,2,1,2,1,1
687,1,4,2,2,2,2,2,1,2,2,1
688,4,4,5,-1,3,1,2,2,3,1,2
689,5,5,4,2,1,1,1,1,3,1,1
690,2,4,6,-1,1,2,1,1,1,3,2
691,5,5,4,3,2,2,1,2,1,2,1
692,5,5,5,3,1,2,1,2,3,2,1
693,4,4,4,2,2,1,1,1,1,3,1
694,4,3,1,-1,2,2,2,1,2,2,2
695,4,4,1,2,1,2,1,1,3,2,1
696,1,1,3,1,2,1,1,2,1,1,1
697,3,1,1,2,2,1,2,2,1,2,1
698,5,5,6,1,1,1,1,2,3,1,1
699,1,5,4,3,3,2,2,1,1,1,1
700,3,5,3,2,1,2,2,2,3,2,1
701,2,1,6,1,1,2,1,1,1,2,1
702,3,3,1,-1,2,2,2,1,3,2,2
703,3,3,6,1,1,1,1,2,2,3,1
704,5,5,1,4,2,1,1,1,2,3,2
705,4,1,7,3,1,2,1,1,2,1,1
706,1,1,7,2,3,1,1,2,1,3,1
707,2,1,6,1,2,1,1,2,1,2,1
708,2,1,6,1,3,2,1,2,1,1,1
709,2,2,3,3,3,1,1,2,3,3,1
710,3,3,7,2,3,1,2,2,2,3,1
711,3,3,6,5,3,1,2,2,2,2,2
712,1,4,3,-1,3,1,1,2,3,2,2
713,4,4,7,1,2,1,2,2,2,3,1
714,5,5,5,-1,1,1,2,1,1,3,2
715,3,5,1,2,1,2,2,2,2,2,1
716,5,3,4,2,1,2,2,2,3,3,1
717,5,5,2,2,1,2,1,1,2,3,1
718,1,1,3,3,1,1,2,2,3,1,1
719,4,4,1,1,1,1,1,1,1,1,1
720,4,4,2,2,2,1,2,2,1,2,1
721,3,3,1,6,2,1,1,2,3,2,2
722,1,3,7,5,2,2,2,1,1,2,2
723,5,1,4,4,2,2,1,2,3,3,2
724,2,3,3,1,2,1,2,1,1,1,1
725,1,4,3,2,2,2,2,1,2,3,1
726,3,2,1,-1,3,2,2,2,1,2,2
727,3,3,3,-1,1,1,2,1,2,3,2
728,3,3,5,-1,2,1,2,1,3,2,2
729,5,5,5,3,1,1,2,2,2,2,1
730,4,4,3,3,1,1,2,2,2,1,1
731,1,5,2,-1,3,1,2,1,1,3,2
732,4,4,4,1,3,1,2,2,3,3,1
733,5,5,7,4,1,1,1,2,2,3,2
734,1,3,4,1,1,2,2,1,2,3,1
735,5,5,6,-1,3,1,1,1,1,1,2
736,3,3,2,1,1,1,2,1,2,2,1
737,4,3,1,1,1,2,1,2,2,2,1
738,1,1,1,4,2,1,1,1,3,1,2
739,3,3,3,-1,2,1,1,2,3,2,2
740,1,2,1,3,1,2,2,2,3,1,1
741,2,4,1,5,1,2,1,2,3,3,2
742,1,3,5,1,1,2,1,2,3,3,1
743,3,5,5,3,1,2,2,1,2,2,1
744,3,3,4,-1,3,1,2,1,1,3,2
745,4,5,4,5,1,2,2,1,3,2,2
746,3,5,7,5,2,2,1,2,2,1,2
747,5,5,4,1,1,2,2,2,3,3,1
748,2,4,6,3,3,2,1,2,2,1,1
749,1,4,1,2,2,2,1,2,2,3,1
750,3,2,3,1,2,1,2,1,3,3,1
751,4,4,4,1,1,1,2,2,3,1,1
752,2,2,5,2,3,1,2,2,3,1,1
753,5,5,7,3,1,1,1,1,3,3,1
754,1,3,6,2,1,2,2,2,1,2,1
755,2,1,2,4,2,2,1,2,2,1,2
756,1,1,4,1,3,1,2,1,3,1,1
757,2,2,1,1,2,1,2,2,1,1,1
758,1,1,6,1,2,1,1,1,1,2,1
759,5,5,4,1,1,2,2,1,1,1,1
760,2,1,5,3,1,2,1,2,2,1,1
761,5,2,4,1,1,2,1,2,1,3,1
762,5,5,6,1,3,1,1,1,3,3,1
763,4,4,4,-1,3,1,1,2,1,2,2
764,1,5,4,3,3,2,1,2,2,3,1
765,5,5,1,3,3,1,1,2,1,3,1
766,4,4,3,6,2,1,2,2,2,3,2
767,5,5,1,-1,2,1,1,1,3,3,2
768,5,5,4,4,1,2,1,1,1,1,2
769,3,4,3,3,2,2,1,2,1,2,1
770,3,1,2,1,3,2,1,1,2,3,1
771,5,5,1,4,3,2,1,2,1,3,2
772,4,4,5,3,1,2,2,2,1,1,1
773,4,4,4,-1,3,1,1,2,2,3,2
774,5,5,7,1,2,1,2,2,3,1,1
775,1,1,4,5,2,2,1,2,3,1,2
776,3,5,2,1,3,2,1,1,3,2,1
777,1,5,3,3,2,2,2,1,1,2,1
778,1,2,6,3,2,2,2,1,2,1,1
779,3,5,1,-1,2,2,2,2,3,2,2
780,2,1,1,2,1,2,2,1,2,1,1
781,4,4,2,4,3,1,2,2,1,2,2
782,4,2,3,6,2,1,2,1,2,1,2
783,1,4,4,1,1,2,1,1,3,2,1
784,4,4,5,3,1,1,2,2,2,1,1
785,5,5,5,4,2,1,2,2,3,3,2
786,2,2,4,1,2,2,2,2,2,2,1
787,4,4,2,5,2,1,2,2,1,2,2
788,4,4,1,1,3,1,1,1,3,2,1
789,4,4,4,-1,2,1,2,2,3,2,2
790,2,4,4,2,2,1,2,2,2,3,1
791,5,5,2,-1,1,1,2,1,3,3,2
792,2,5,5,-1,3,2,1,2,2,2,2
793,4,4,3,2,1,1,2,1,3,1,1
794,4,4,3,2,2,1,2,2,3,1,1
795,2,2,2,-1,3,1,2,2,3,3,2
796,1,1,5,-1,1,1,1,1,1,3,2
797,5,5,4,-1,3,1,2,2,2,3,2
798,3,2,2,1,1,2,1,2,1,2,1
799,3,3,1,-1,2,1,1,1,3,2,2
800,2,1,4,4,2,2,2,2,2,2,2
801,2,5,5,-1,2,1,2,2,3,2,2
802,5,4,4,-1,2,2,1,1,1,3,2
803,2,1,7,3,3,2,1,1,1,1,1
804,5,5,6,2,2,2,1,2,1,3,1
805,5,4,5,-1,3,2,1,1,2,1,2
806,5,2,5,1,1,1,1,1,3,1,1
807,3,3,1,-1,3,2,2,1,2,1,2
808,1,3,3,-1,3,2,1,1,3,1,2
809,4,4,7,3,2,1,2,1,2,1,1
810,2,2,1,4,2,1,1,1,2,1,2
811,4,4,4,-1,1,1,1,1,1,3,2
812,3,3,5,2,1,1,1,2,2,2,1
813,5,5,7,1,1,1,2,2,3,3,1
814,1,4,2,1,1,2,2,1,2,3,1
815,1,1,7,1,1,1,1,1,1,1,1
816,3,3,4,1,2,1,1,1,3,1,1
817,5,5,4,1,1,1,2,1,3,2,1
818,1,3,3,2,1,2,2,1,2,2,1
819,4,4,3,3,1,2,1,2,1,2,1
820,3,3,7,4,2,1,2,1,2,1,2
821,4,4,3,2,1,1,2,1,1,2,1
822,4,4,1,2,1,1,1,2,3,2,1
823,1,1,3,2,1,1,1,1,1,2,1
824,5,5,6,5,2,1,1,2,3,2,2
825,2,5,6,-1,1,2,2,1,1,2,2
826,4,4,3,4,3,1,1,2,1,1,2
827,4,4,3,1,1,2,1,1,1,1,1
828,4,2,1,4,1,1,1,1,3,2,2
829,4,4,4,2,2,1,2,1,3,1,1
830,3,2,2,4,2,2,1,1,2,2,2
831,5,5,3,1,1,1,2,1,1,1,1
832,3,3,7,4,2,1,1,2,2,1,2
833,2,3,5,4,1,2,2,1,3,1,2
834,5,5,1,2,2,2,2,1,3,3,1
835,3,2,5,2,1,1,1,1,3,3,1
836,1,5,4,3,2,2,2,2,1,3,1
837,1,1,7,2,1,1,2,1,1,1,1
838,4,4,7,2,1,1,1,1,2,1,1
839,4,3,2,2,3,2,1,2,2,2,1
840,4,4,3,1,1,1,2,1,3,1,1
841,5,2,1,4,2,2,2,2,3,3,2
842,5,1,6,1,2,2,1,1,2,1,1
843,1,1,6,-1,3,2,1,2,1,1,2
844,1,2,5,2,2,2,1,1,1,2,1
845,2,5,7,4,2,2,2,1,1,3,2
846,1,2,7,4,2,2,2,1,1,2,2
847,2,3,7,-1,2,1,2,1,1,3,2
848,4,4,4,2,1,1,1,1,1,2,1
849,4,4,3,2,1,2,1,2,2,1,1
850,3,4,3,2,1,2,1,2,3,1,1
851,4,4,1,-1,1,1,1,1,1,1,2
852,2,1,2,-1,3,2,1,2,1,1,2
853,3,5,4,-1,2,2,1,1,2,3,2
854,4,4,3,1,1,1,2,1,3,3,1
855,2,4,6,1,1,2,2,1,1,1,1
856,3,5,6,4,2,2,1,1,1,2,2
857,4,1,2,4,2,2,1,2,2,2,2
858,5,5,2,2,3,1,1,1,2,3,1
859,3,3,1,2,1,2,2,1,2,2,1
860,3,3,7,4,2,2,2,2,2,3,2
861,2,2,3,-1,3,1,1,1,2,1,2
862,3,3,7,3,2,1,2,2,2,2,1
863,3,3,2,3,1,1,2,2,2,1,1
864,2,3,6,4,2,1,1,1,3,1,2
865,1,5,4,-1,2,2,1,2,2,2,2
866,3,3,5,3,3,1,2,2,2,1,1
867,3,3,2,1,3,1,2,1,2,2,1
868,3,4,4,2,1,2,2,1,3,1,1
869,5,4,2,4,2,2,1,1,2,3,2
870,1,1,2,3,1,1,2,1,1,1,1
871,2,2,7,4,2,1,1,1,1,1,2
872,3,3,3,2,1,1,1,2,1,3,1
873,4,4,1,2,2,1,2,2,1,2,1
874,4,4,3,4,2,1,1,1,2,1,2
875,3,3,1,-1,3,1,1,2,2,2,2
876,1,5,3,-1,3,2,2,2,1,3,2
877,1,2,7,1,3,1,1,2,1,1,1
878,3,3,2,1,1,1,2,1,3,2,1
879,2,3,6,1,1,2,2,2,3,2,1
880,5,5,7,5,3,2,2,1,1,1,2
881,5,5,4,1,1,2,1,2,3,1,1
882,1,1,5,1,1,2,1,1,1,2,1
883,4,4,1,1,1,1,2,2,3,2,1
884,2,5,7,-1,3,2,1,2,1,2,2
885,1,2,5,-1,2,2,2,1,2,1,2
886,4,3,5,-1,1,1,2,2,3,2,2
887,3,3,2,2,1,1,2,2,3,2,1
888,1,5,5,1,2,2,1,1,1,2,1
889,3,5,2,4,2,1,1,1,3,2,2
890,4,1,3,-1,3,2,1,1,2,3,2
891,2,5,5,2,1,2,2,2,1,3,1
892,3,2,3,2,1,2,1,1,2,3,1
893,1,1,5,-1,1,1,2,2,3,3,2
894,5,5,4,1,3,1,2,1,3,1,1
895,2,4,7,1,2,2,2,2,1,2,1
896,1,2,2,1,1,2,1,2,1,1,1
897,2,5,5,3,1,2,2,2,2,1,1
898,5,5,5,2,2,1,1,1,2,1,1
899,1,1,4,1,1,1,2,2,3,1,1
900,4,3,6,1,3,1,1,1,1,1,1
901,2,4,5,2,3,2,1,1,1,3,1
902,5,4,5,1,2,2,2,1,3,3,1
903,2,2,6,2,2,1,2,2,1,2,1
904,2,5,7,-1,1,2,2,1,1,1,2
905,4,4,2,1,3,1,1,1,1,2,1
906,2,3,1,2,3,2,2,1,3,1,1
907,1,4,1,3,2,2,2,2,1,1,1
908,1,1,5,1,1,1,1,2,2,2,1
909,3,3,3,2,1,1,2,2,2,1,1
910,4,4,5,5,2,1,1,2,2,2,2
911,3,2,4,3,2,2,2,1,1,2,1
912,2,5,2,3,1,2,2,2,1,1,1
913,4,4,2,2,1,2,1,1,3,2,1
914,2,3,4,2,1,2,2,1,2,1,1
915,3,5,7,1,1,2,1,1,2,1,1
916,4,4,3,6,1,1,2,2,2,1,2
917,1,1,5,1,1,2,2,2,1,2,1
918,4,4,3,-1,2,1,1,1,1,1,2
919,3,2,1,3,2,2,2,1,1,1,1
920,4,4,7,1,1,1,1,2,2,2,1
921,3,2,1,3,2,2,1,2,1,2,1
922,1,5,5,1,1,1,1,1,1,2,1
923,2,2,1,1,1,1,2,2,2,1,1
924,5,2,6,6,1,2,1,2,2,1,2
925,5,2,4,-1,3,2,1,1,2,3,2
926,5,2,3,1,3,2,1,2,1,1,1
927,1,3,5,1,1,2,1,2,3,2,1
928,1,2,3,6,1,1,2,1,1,3,2
929,5,5,7,-1,3,1,2,2,3,1,2
930,5,2,1,4,1,2,1,2,1,3,2
931,3,3,1,-1,1,1,2,1,1,3,2
932,5,5,4,1,1,2,2,2,1,1,1
933,3,3,2,1,3,2,1,2,1,2,1
934,2,4,6,1,1,2,1,1,1,2,1
935,5,2,7,4,2,2,1,1,3,1,2
936,3,3,3,4,2,1,1,2,2,3,2
937,3,3,3,1,1,1,2,1,2,2,1
938,5,2,2,-1,3,2,1,1,1,3,2
939,3,3,6,2,2,1,1,2,2,1,1
940,3,3,1,1,1,2,1,1,1,2,1
941,4,4,5,1,3,2,1,1,2,2,1
942,2,2,3,-1,3,1,1,2,1,2,2
943,3,3,6,3,2,1,1,1,2,3,1
944,4,4,2,1,1,1,2,2,1,2,1
945,1,3,1,4,3,1,1,1,1,1,2
946,5,5,3,3,1,2,1,1,2,1,1
947,5,4,1,3,1,2,1,1,1,3,1
948,1,1,3,1,3,1,2,1,2,3,1
949,2,2,6,1,2,1,2,1,1,3,1
950,4,4,1,1,1,1,1,2,1,3,1
951,2,2,4,1,3,1,2,2,2,1,1
952,1,3,1,6,2,2,2,1,2,1,2
953,3,3,2,-1,1,2,2,1,1,2,2
954,3,3,4,1,1,1,2,2,2,1,1
955,5,4,5,-1,3,2,1,1,2,2,2
956,3,3,2,1,1,2,1,2,1,2,1
957,2,2,6,5,1,2,1,1,1,1,2
958,1,1,4,1,1,1,2,1,1,1,1
959,1,3,7,1,3,2,1,2,1,2,1
960,1,2,3,1,2,1,1,2,2,2,1
961,1,3,4,1,2,2,1,1,2,1,1
962,3,5,6,3,3,2,2,1,2,3,1
963,1,1,6,3,1,2,2,2,1,3,1
964,3,3,5,1,3,2,2,1,1,2,1
965,4,4,4,5,1,2,2,1,1,3,2
966,2,2,7,3,2,1,2,1,1,3,1
967,2,1,7,3,1,2,2,2,1,1,1
968,3,3,4,2,1,1,2,1,1,2,1
969,4,4,3,1,1,2,1,1,3,1,1
970,3,4,7,3,2,1,1,1,2,3,1
971,5,5,7,1,2,1,1,2,2,1,1
972,5,5,6,1,3,2,2,1,3,1,1
973,4,4,4,1,2,1,1,2,1,1,1
974,4,4,3,3,2,1,1,2,3,2,1
975,4,4,6,1,1,1,1,1,2,2,1
976,4,4,2,3,2,2,1,1,2,2,1
977,5,5,6,2,1,1,2,2,3,2,1
978,5,5,5,1,2,1,1,1,2,2,1
979,1,2,6,3,3,1,2,2,1,1,1
980,5,5,1,2,1,1,2,1,3,3,1
981,5,4,1,-1,2,2,1,1,1,2,2
982,1,1,4,1,1,1,2,2,1,2,1
983,1,3,4,1,3,2,2,1,1,1,1
984,3,1,1,2,1,2,1,2,3,2,1
985,5,5,2,3,2,2,1,1,1,3,1
986,3,3,5,3,1,1,1,1,2,1,1
987,2,2,5,1,2,1,1,1,1,1,1
988,3,1,3,5,1,2,1,2,2,2,2
989,3,4,5,6,2,2,1,2,3,2,2
990,2,2,5,1,1,1,1,1,1,3,1
991,1,4,5,-1,2,2,1,2,3,2,2
992,2,2,4,2,3,2,2,2,2,2,1
993,3,3,2,1,1,1,1,1,2,2,1
994,1,4,4,1,1,1,2,2,2,3,1
995,5,5,1,1,1,1,2,1,1,3,1
996,1,5,1,1,3,2,1,2,2,1,1
997,5,4,7,1,3,2,1,1,2,1,1
998,1,2,5,6,2,2,2,2,1,1,2
999,2,5,7,2,1,2,1,1,1,1,1
1000,3,3,1,-1,1,1,2,1,1,2,2
1001,4,3,5,3,2,1,1,1,2,3,1
1002,3,3,2,1,1,1,2,1,2,2,1
1003,3,3,2,1,2,1,2,1,2,2,1
1004,4,4,2,5,3,2,2,2,3,2,2
1005,5,5,2,1,3,1,1,2,1,3,1
1006,4,4,2,3,1,1,2,1,2,2,1
1007,2,4,2,1,1,1,1,2,1,1,1
1008,5,5,2,-1,2,1,2,1,1,3,2
1009,3,3,4,-1,2,2,2,1,3,3,2
1010,2,1,3,5,2,2,1,2,1,3,2
1011,4,1,2,1,1,2,1,1,1,2,1
1012,2,2,5,2,1,1,2,2,1,2,1
1013,5,1,6,1,3,1,1,1,3,2,1
1014,5,5,5,1,1,2,2,2,1,2,1
1015,2,1,6,-1,2,2,2,1,1,3,2
1016,3,3,2,4,2,1,1,2,3,3,2
1017,4,4,3,3,3,2,2,2,2,1,1
1018,5,5,3,5,2,1,1,2,3,3,2
1019,5,5,3,1,3,1,1,1,1,2,1
1020,2,2,2,4,1,1,1,1,3,2,2
1021,5,1,5,3,1,2,1,1,3,3,1
1022,3,3,2,5,1,2,1,1,3,2,2
1023,1,2,5,4,3,2,1,1,1,1,2
1024,2,2,6,3,1,1,1,2,1,1,1
1025,4,4,6,4,1,2,2,1,2,2,2
1026,5,1,1,-1,3,2,1,2,2,1,2
1027,5,5,3,-1,3,1,1,1,2,1,2
1028,2,2,3,5,1,2,2,1,3,2,2
1029,1,1,3,3,3,1,1,1,2,1,1
1030,2,1,6,-1,1,1,2,2,1,2,2
1031,1,5,2,1,3,2,2,1,1,3,1
1032,3,5,2,1,3,2,2,2,1,3,1
1033,1,5,7,2,3,1,2,1,1,3,1
1034,2,3,6,-1,2,2,1,1,1,1,2
1035,3,3,7,4,2,1,2,1,2,1,2
1036,2,1,3,3,1,1,2,1,3,2,1
1037,4,4,5,2,1,1,2,2,2,3,1
1038,5,5,3,2,3,1,1,2,1,2,1
1039,1,1,6,-1,1,1,1,1,1,3,2
1040,2,4,4,1,1,2,1,2,3,3,1
1041,4,4,3,1,3,1,1,2,2,2,1
1042,2,5,2,3,1,2,1,1,3,1,1
1043,3,2,5,2,2,2,2,1,3,2,1
1044,5,5,4,-1,3,1,2,2,2,2,2
1045,2,2,5,3,1,2,1,1,3,3,1
1046,4,4,1,2,1,1,1,1,1,3,1
1047,2,2,7,2,2,1,2,1,1,2,1
1048,5,5,5,6,2,1,1,1,1,2,2
1049,5,5,6,1,1,2,2,2,3,1,1
1050,2,3,3,3,3,2,2,1,2,1,1
1051,4,4,1,2,1,1,2,2,2,2,1
1052,1,2,3,1,1,2,2,1,3,2,1
1053,5,1,5,-1,2,2,1,1,3,2,2
1054,4,4,4,3,3,1,1,2,1,1,1
1055,4,5,2,1,3,2,2,2,1,3,1
1056,1,1,6,1,1,1,2,2,1,1,1
1057,2,2,5,2,1,2,2,1,1,3,1
1058,3,4,5,4,2,2,2,1,3,1,2
1059,3,3,2,3,1,2,2,1,1,2,1
1060,1,1,4,1,1,1,1,2,2,1,1
1061,3,3,1,1,1,2,2,2,1,2,1
1062,1,5,3,6,2,2,2,1,2,2,2
1063,2,2,1,5,3,1,1,1,1,1,2
1064,4,3,2,3,2,2,2,1,2,3,1
1065,1,1,6,-1,2,2,2,2,2,1,2
1066,3,5,3,-1,1,2,1,2,3,3,2
1067,5,5,5,5,3,2,1,1,2,1,2
1068,2,2,5,1,2,1,1,2,2,2,1
1069,2,2,6,-1,3,1,2,1,1,1,2
1070,5,2,6,2,1,2,2,2,1,2,1
1071,3,3,3,2,1,1,2,1,1,3,1
1072,2,2,1,2,1,1,1,1,3,1,1
1073,2,2,1,1,1,1,2,2,1,1,1
1074,4,3,7,-1,3,2,1,1,2,3,2
1075,4,4,6,-1,3,1,1,1,3,3,2
1076,4,4,3,-1,1,2,2,1,2,1,2
1077,5,5,5,-1,1,2,1,2,3,2,2
1078,5,5,6,1,2,1,1,2,3,2,1
1079,3,3,5,1,3,1,1,1,2,2,1
1080,5,5,5,4,1,2,1,1,2,2,2
1081,3,3,4,2,3,1,2,2,2,3,1
1082,3,3,1,5,2,1,1,1,3,2,2
1083,1,2,2,4,3,2,2,2,2,1,2
